city,district_name,station_name,station_line,station_latitude,station_longitude,count
あきる野市,二宮,東秋留,五日市線,35.72592477116332,139.31084632873535,1
あきる野市,秋川,秋川,五日市線,35.728049952883055,139.2868995666504,5
あきる野市,秋留,東秋留,五日市線,35.72592477116332,139.31084632873535,2
三鷹市,上連雀,三鷹,中央線,35.702753128617985,139.56091403961182,106
三鷹市,上連雀,武蔵境,多摩川線,35.70216068252442,139.54400539398193,2
三鷹市,下連雀,三鷹,中央線,35.702753128617985,139.56091403961182,495
三鷹市,下連雀,井の頭公園,井の頭線,35.69752551113977,139.58271503448486,1
三鷹市,下連雀,吉祥寺,井の頭線,35.70313647374438,139.5798397064209,140
三鷹市,中原,つつじヶ丘,京王線,35.65802850422668,139.5751190185547,2
三鷹市,井の頭,三鷹台,井の頭線,35.692088425400954,139.58932399749756,6
三鷹市,井の頭,井の頭公園,井の頭線,35.69752551113977,139.58271503448486,1
三鷹市,井の頭,吉祥寺,井の頭線,35.70313647374438,139.5798397064209,5
三鷹市,井口,三鷹,中央線,35.702753128617985,139.56091403961182,5
三鷹市,井口,新小金井,多摩川線,35.69588745381154,139.5265817642212,2
三鷹市,井口,武蔵境,多摩川線,35.70216068252442,139.54400539398193,41
三鷹市,北野,三鷹,中央線,35.702753128617985,139.56091403961182,1
三鷹市,北野,三鷹台,井の頭線,35.692088425400954,139.58932399749756,3
三鷹市,北野,仙川,京王線,35.662352165454394,139.58494663238525,6
三鷹市,北野,吉祥寺,井の頭線,35.70313647374438,139.5798397064209,1
三鷹市,新川,三鷹,中央線,35.702753128617985,139.56091403961182,3
三鷹市,新川,仙川,京王線,35.662352165454394,139.58494663238525,31
三鷹市,新川,吉祥寺,井の頭線,35.70313647374438,139.5798397064209,24
三鷹市,深大寺,武蔵境,多摩川線,35.70216068252442,139.54400539398193,5
三鷹市,牟礼,三鷹,中央線,35.702753128617985,139.56091403961182,3
三鷹市,牟礼,三鷹台,井の頭線,35.692088425400954,139.58932399749756,38
三鷹市,牟礼,久我山,井の頭線,35.6881149360283,139.59940910339355,14
三鷹市,牟礼,井の頭公園,井の頭線,35.69752551113977,139.58271503448486,3
三鷹市,牟礼,吉祥寺,井の頭線,35.70313647374438,139.5798397064209,67
三鷹市,野崎,吉祥寺,井の頭線,35.70313647374438,139.5798397064209,1
三鷹市,野崎,武蔵境,多摩川線,35.70216068252442,139.54400539398193,6
世田谷区,三宿,三軒茶屋,田園都市線,35.64366111008705,139.67129230499268,28
世田谷区,三宿,池ノ上,井の頭線,35.66046930950242,139.6733522415161,8
世田谷区,三宿,池尻大橋,田園都市線,35.65070564079015,139.68463897705078,42
世田谷区,三軒茶屋,三軒茶屋,田園都市線,35.64366111008705,139.67129230499268,191
世田谷区,三軒茶屋,西太子堂,世田谷線,35.64463761677267,139.66618537902832,2
世田谷区,上北沢,上北沢,京王線,35.668872082782215,139.62335586547852,81
世田谷区,上北沢,八幡山,京王線,35.66970882506169,139.61631774902344,62
世田谷区,上北沢,桜上水,京王線,35.66761695291778,139.6319818496704,3
世田谷区,上北沢,芦花公園,京王線,35.67058042227616,139.6086359024048,6
世田谷区,上用賀,千歳船橋,小田原線,35.64742757011199,139.62395668029785,16
世田谷区,上用賀,用賀,田園都市線,35.62639589658059,139.63382720947266,105
世田谷区,上祖師谷,仙川,京王線,35.662352165454394,139.58494663238525,40
世田谷区,上祖師谷,千歳烏山,京王線,35.668174790849406,139.60108280181885,41
世田谷区,上祖師谷,成城学園前,小田原線,35.640173488786644,139.5990228652954,5
世田谷区,上野毛,上野毛,大井町線,35.6120577038601,139.6388053894043,136
世田谷区,上野毛,二子玉川,大井町線,35.61244148458947,139.62734699249268,21
世田谷区,上野毛,用賀,田園都市線,35.62639589658059,139.63382720947266,5
世田谷区,上野毛,等々力,大井町線,35.608464031330016,139.64760303497314,1
世田谷区,上馬,三軒茶屋,田園都市線,35.64366111008705,139.67129230499268,90
世田谷区,上馬,松陰神社前,世田谷線,35.64397498853752,139.65519905090332,13
世田谷区,上馬,若林,世田谷線,35.64592798230194,139.65983390808103,2
世田谷区,上馬,駒沢大学,田園都市線,35.63347682919529,139.66172218322754,126
世田谷区,下馬,三軒茶屋,田園都市線,35.64366111008705,139.67129230499268,45
世田谷区,下馬,学芸大学,東横線,35.62894231402541,139.68528270721436,81
世田谷区,下馬,祐天寺,東横線,35.63762742911838,139.69103336334229,47
世田谷区,下馬,駒沢大学,田園都市線,35.63347682919529,139.66172218322754,1
世田谷区,世田谷,上町,世田谷線,35.64338210598483,139.6465301513672,75
世田谷区,世田谷,世田谷,世田谷線,35.64348673263733,139.65060710906982,32
世田谷区,世田谷,松陰神社前,世田谷線,35.64397498853752,139.65519905090332,13
世田谷区,世田谷,桜新町,田園都市線,35.63169793467456,139.64481353759766,4
世田谷区,世田谷,祖師ヶ谷大蔵,小田原線,35.64331235480702,139.60970878601074,1
世田谷区,中町,上野毛,大井町線,35.6120577038601,139.6388053894043,42
世田谷区,中町,桜新町,田園都市線,35.63169793467456,139.64481353759766,10
世田谷区,中町,用賀,田園都市線,35.62639589658059,139.63382720947266,26
世田谷区,中町,等々力,大井町線,35.608464031330016,139.64760303497314,19
世田谷区,代沢,三軒茶屋,田園都市線,35.64366111008705,139.67129230499268,8
世田谷区,代沢,下北沢,井の頭線,35.6615153460681,139.6671724319458,36
世田谷区,代沢,世田谷代田,小田原線,35.65806337339875,139.66094970703125,1
世田谷区,代沢,池ノ上,井の頭線,35.66046930950242,139.6733522415161,31
世田谷区,代田,三軒茶屋,田園都市線,35.64366111008705,139.67129230499268,2
世田谷区,代田,下北沢,井の頭線,35.6615153460681,139.6671724319458,14
世田谷区,代田,世田谷代田,小田原線,35.65806337339875,139.66094970703125,45
世田谷区,代田,新代田,井の頭線,35.66259623612339,139.66052055358887,17
世田谷区,代田,東松原,井の頭線,35.662631103300924,139.65554237365723,3
世田谷区,代田,梅ヶ丘,小田原線,35.6559711961265,139.6534824371338,28
世田谷区,八幡山,上北沢,京王線,35.668872082782215,139.62335586547852,5
世田谷区,八幡山,八幡山,京王線,35.66970882506169,139.61631774902344,12
世田谷区,八幡山,桜上水,京王線,35.66761695291778,139.6319818496704,2
世田谷区,北沢,下北沢,井の頭線,35.6615153460681,139.6671724319458,37
世田谷区,北沢,東北沢,小田原線,35.665420428170364,139.67305183410645,35
世田谷区,北沢,池ノ上,井の頭線,35.66046930950242,139.6733522415161,4
世田谷区,北沢,笹塚,京王線,35.67378781807109,139.66734409332275,5
世田谷区,北烏山,久我山,井の頭線,35.6881149360283,139.59940910339355,32
世田谷区,北烏山,千歳烏山,京王線,35.668174790849406,139.60108280181885,91
世田谷区,北烏山,富士見ヶ丘,井の頭線,35.68480354368326,139.60726261138916,20
世田谷区,北烏山,芦花公園,京王線,35.67058042227616,139.6086359024048,10
世田谷区,千歳台,八幡山,京王線,35.66970882506169,139.61631774902344,12
世田谷区,千歳台,千歳烏山,京王線,35.668174790849406,139.60108280181885,85
世田谷区,千歳台,千歳船橋,小田原線,35.64742757011199,139.62395668029785,72
世田谷区,千歳台,祖師ヶ谷大蔵,小田原線,35.64331235480702,139.60970878601074,33
世田谷区,南烏山,八幡山,京王線,35.66970882506169,139.61631774902344,8
世田谷区,南烏山,千歳烏山,京王線,35.668174790849406,139.60108280181885,108
世田谷区,南烏山,芦花公園,京王線,35.67058042227616,139.6086359024048,113
世田谷区,喜多見,二子玉川,大井町線,35.61244148458947,139.62734699249268,1
世田谷区,喜多見,喜多見,小田原線,35.63661595824438,139.58709239959717,23
世田谷区,喜多見,成城学園前,小田原線,35.640173488786644,139.5990228652954,17
世田谷区,喜多見,狛江,小田原線,35.63232578432,139.57730770111084,1
世田谷区,大原,下北沢,井の頭線,35.6615153460681,139.6671724319458,1
世田谷区,大原,代田橋,京王線,35.670894194943614,139.6587610244751,23
世田谷区,大原,笹塚,京王線,35.67378781807109,139.66734409332275,1
世田谷区,大蔵,二子玉川,大井町線,35.61244148458947,139.62734699249268,4
世田谷区,大蔵,千歳船橋,小田原線,35.64742757011199,139.62395668029785,4
世田谷区,大蔵,成城学園前,小田原線,35.640173488786644,139.5990228652954,2
世田谷区,大蔵,用賀,田園都市線,35.62639589658059,139.63382720947266,5
世田谷区,大蔵,祖師ヶ谷大蔵,小田原線,35.64331235480702,139.60970878601074,19
世田谷区,太子堂,三軒茶屋,田園都市線,35.64366111008705,139.67129230499268,134
世田谷区,太子堂,池尻大橋,田園都市線,35.65070564079015,139.68463897705078,7
世田谷区,太子堂,西太子堂,世田谷線,35.64463761677267,139.66618537902832,3
世田谷区,奥沢,九品仏,大井町線,35.60535868913665,139.6614646911621,20
世田谷区,奥沢,奥沢,目黒線,35.60392809768874,139.6723222732544,65
世田谷区,奥沢,田園調布,東横線,35.596739860889826,139.66725826263428,2
世田谷区,奥沢,石川台,池上線,35.59698413196048,139.68519687652588,3
世田谷区,奥沢,緑が丘,大井町線,35.60654501386435,139.67901706695557,8
世田谷区,奥沢,自由が丘,東横線,35.60769642986715,139.66871738433838,67
世田谷区,宇奈根,二子玉川,大井町線,35.61244148458947,139.62734699249268,3
世田谷区,宇奈根,成城学園前,小田原線,35.640173488786644,139.5990228652954,1
世田谷区,宮坂,宮の坂,世田谷線,35.647846054709774,139.6449851989746,1
世田谷区,宮坂,山下,世田谷線,35.65387896404525,139.6465301513672,1
世田谷区,宮坂,経堂,小田原線,35.65129846899613,139.6365737915039,62
世田谷区,宮坂,豪徳寺,小田原線,35.65366973782265,139.647216796875,4
世田谷区,尾山台,九品仏,大井町線,35.60535868913665,139.6614646911621,5
世田谷区,尾山台,尾山台,大井町線,35.60713816963211,139.65335369110107,21
世田谷区,尾山台,田園調布,東横線,35.596739860889826,139.66725826263428,2
世田谷区,岡本,二子玉川,大井町線,35.61244148458947,139.62734699249268,43
世田谷区,岡本,成城学園前,小田原線,35.640173488786644,139.5990228652954,1
世田谷区,岡本,用賀,田園都市線,35.62639589658059,139.63382720947266,35
世田谷区,弦巻,上町,世田谷線,35.64338210598483,139.6465301513672,10
世田谷区,弦巻,世田谷,世田谷線,35.64348673263733,139.65060710906982,1
世田谷区,弦巻,松陰神社前,世田谷線,35.64397498853752,139.65519905090332,1
世田谷区,弦巻,桜新町,田園都市線,35.63169793467456,139.64481353759766,343
世田谷区,弦巻,駒沢大学,田園都市線,35.63347682919529,139.66172218322754,26
世田谷区,成城,喜多見,小田原線,35.63661595824438,139.58709239959717,1
世田谷区,成城,成城学園前,小田原線,35.640173488786644,139.5990228652954,203
世田谷区,新町,桜新町,田園都市線,35.63169793467456,139.64481353759766,34
世田谷区,東玉川,奥沢,目黒線,35.60392809768874,139.6723222732544,1
世田谷区,東玉川,田園調布,東横線,35.596739860889826,139.66725826263428,20
世田谷区,東玉川,石川台,池上線,35.59698413196048,139.68519687652588,3
世田谷区,東玉川,自由が丘,東横線,35.60769642986715,139.66871738433838,1
世田谷区,東玉川,雪が谷大塚,池上線,35.59213346684348,139.68099117279053,3
世田谷区,松原,下高井戸,世田谷線,35.6661526098011,139.6415948867798,59
世田谷区,松原,代田橋,京王線,35.670894194943614,139.6587610244751,16
世田谷区,松原,山下,世田谷線,35.65387896404525,139.6465301513672,1
世田谷区,松原,明大前,井の頭線,35.668488572972905,139.65022087097168,90
世田谷区,松原,東松原,井の頭線,35.662631103300924,139.65554237365723,11
世田谷区,松原,松原,世田谷線,35.66001602273505,139.64198112487793,4
世田谷区,松原,梅ヶ丘,小田原線,35.6559711961265,139.6534824371338,38
世田谷区,松原,豪徳寺,小田原線,35.65366973782265,139.647216796875,5
世田谷区,桜,上町,世田谷線,35.64338210598483,139.6465301513672,34
世田谷区,桜,宮の坂,世田谷線,35.647846054709774,139.6449851989746,1
世田谷区,桜,桜新町,田園都市線,35.63169793467456,139.64481353759766,13
世田谷区,桜,経堂,小田原線,35.65129846899613,139.6365737915039,37
世田谷区,桜上水,桜上水,京王線,35.66761695291778,139.6319818496704,68
世田谷区,桜上水,経堂,小田原線,35.65129846899613,139.6365737915039,22
世田谷区,桜丘,千歳船橋,小田原線,35.64742757011199,139.62395668029785,126
世田谷区,桜丘,経堂,小田原線,35.65129846899613,139.6365737915039,11
世田谷区,桜新町,桜新町,田園都市線,35.63169793467456,139.64481353759766,114
世田谷区,梅丘,梅ヶ丘,小田原線,35.6559711961265,139.6534824371338,39
世田谷区,梅丘,若林,世田谷線,35.64592798230194,139.65983390808103,3
世田谷区,梅丘,豪徳寺,小田原線,35.65366973782265,139.647216796875,11
世田谷区,池尻,三軒茶屋,田園都市線,35.64366111008705,139.67129230499268,2
世田谷区,池尻,池ノ上,井の頭線,35.66046930950242,139.6733522415161,10
世田谷区,池尻,池尻大橋,田園都市線,35.65070564079015,139.68463897705078,157
世田谷区,池尻,駒場東大前,井の頭線,35.65876075364281,139.68395233154297,31
世田谷区,深沢,上野毛,大井町線,35.6120577038601,139.6388053894043,1
世田谷区,深沢,尾山台,大井町線,35.60713816963211,139.65335369110107,14
世田谷区,深沢,桜新町,田園都市線,35.63169793467456,139.64481353759766,32
世田谷区,深沢,等々力,大井町線,35.608464031330016,139.64760303497314,22
世田谷区,深沢,自由が丘,東横線,35.60769642986715,139.66871738433838,23
世田谷区,深沢,都立大学,東横線,35.61739557961012,139.67605590820312,48
世田谷区,深沢,駒沢大学,田園都市線,35.63347682919529,139.66172218322754,27
世田谷区,瀬田,上野毛,大井町線,35.6120577038601,139.6388053894043,9
世田谷区,瀬田,二子玉川,大井町線,35.61244148458947,139.62734699249268,70
世田谷区,瀬田,用賀,田園都市線,35.62639589658059,139.63382720947266,76
世田谷区,玉堤,尾山台,大井町線,35.60713816963211,139.65335369110107,68
世田谷区,玉堤,田園調布,東横線,35.596739860889826,139.66725826263428,11
世田谷区,玉堤,等々力,大井町線,35.608464031330016,139.64760303497314,4
世田谷区,玉川,二子玉川,大井町線,35.61244148458947,139.62734699249268,249
世田谷区,玉川台,用賀,田園都市線,35.62639589658059,139.63382720947266,96
世田谷区,玉川田園調布,田園調布,東横線,35.596739860889826,139.66725826263428,9
世田谷区,用賀,桜新町,田園都市線,35.63169793467456,139.64481353759766,7
世田谷区,用賀,用賀,田園都市線,35.62639589658059,139.63382720947266,171
世田谷区,砧,千歳船橋,小田原線,35.64742757011199,139.62395668029785,20
世田谷区,砧,成城学園前,小田原線,35.640173488786644,139.5990228652954,19
世田谷区,砧,祖師ヶ谷大蔵,小田原線,35.64331235480702,139.60970878601074,149
世田谷区,祖師谷,成城学園前,小田原線,35.640173488786644,139.5990228652954,19
世田谷区,祖師谷,祖師ヶ谷大蔵,小田原線,35.64331235480702,139.60970878601074,19
世田谷区,等々力,九品仏,大井町線,35.60535868913665,139.6614646911621,13
世田谷区,等々力,尾山台,大井町線,35.60713816963211,139.65335369110107,143
世田谷区,等々力,等々力,大井町線,35.608464031330016,139.64760303497314,107
世田谷区,等々力,自由が丘,東横線,35.60769642986715,139.66871738433838,28
世田谷区,粕谷,八幡山,京王線,35.66970882506169,139.61631774902344,22
世田谷区,粕谷,千歳烏山,京王線,35.668174790849406,139.60108280181885,58
世田谷区,粕谷,芦花公園,京王線,35.67058042227616,139.6086359024048,60
世田谷区,経堂,千歳船橋,小田原線,35.64742757011199,139.62395668029785,41
世田谷区,経堂,経堂,小田原線,35.65129846899613,139.6365737915039,109
世田谷区,給田,仙川,京王線,35.662352165454394,139.58494663238525,30
世田谷区,給田,千歳烏山,京王線,35.668174790849406,139.60108280181885,64
世田谷区,羽根木,下北沢,井の頭線,35.6615153460681,139.6671724319458,1
世田谷区,羽根木,代田橋,京王線,35.670894194943614,139.6587610244751,5
世田谷区,羽根木,新代田,井の頭線,35.66259623612339,139.66052055358887,9
世田谷区,羽根木,明大前,井の頭線,35.668488572972905,139.65022087097168,1
世田谷区,羽根木,東松原,井の頭線,35.662631103300924,139.65554237365723,17
世田谷区,船橋,八幡山,京王線,35.66970882506169,139.61631774902344,2
世田谷区,船橋,千歳船橋,小田原線,35.64742757011199,139.62395668029785,166
世田谷区,船橋,経堂,小田原線,35.65129846899613,139.6365737915039,8
世田谷区,若林,三軒茶屋,田園都市線,35.64366111008705,139.67129230499268,43
世田谷区,若林,松陰神社前,世田谷線,35.64397498853752,139.65519905090332,20
世田谷区,若林,梅ヶ丘,小田原線,35.6559711961265,139.6534824371338,3
世田谷区,若林,若林,世田谷線,35.64592798230194,139.65983390808103,56
世田谷区,若林,西太子堂,世田谷線,35.64463761677267,139.66618537902832,4
世田谷区,豪徳寺,世田谷,世田谷線,35.64348673263733,139.65060710906982,1
世田谷区,豪徳寺,宮の坂,世田谷線,35.647846054709774,139.6449851989746,1
世田谷区,豪徳寺,梅ヶ丘,小田原線,35.6559711961265,139.6534824371338,1
世田谷区,豪徳寺,豪徳寺,小田原線,35.65366973782265,139.647216796875,22
世田谷区,赤堤,下高井戸,世田谷線,35.6661526098011,139.6415948867798,15
世田谷区,赤堤,山下,世田谷線,35.65387896404525,139.6465301513672,1
世田谷区,赤堤,松原,世田谷線,35.66001602273505,139.64198112487793,14
世田谷区,赤堤,桜上水,京王線,35.66761695291778,139.6319818496704,1
世田谷区,赤堤,経堂,小田原線,35.65129846899613,139.6365737915039,23
世田谷区,赤堤,豪徳寺,小田原線,35.65366973782265,139.647216796875,21
世田谷区,野毛,上野毛,大井町線,35.6120577038601,139.6388053894043,37
世田谷区,野毛,二子玉川,大井町線,35.61244148458947,139.62734699249268,16
世田谷区,野毛,等々力,大井町線,35.608464031330016,139.64760303497314,20
世田谷区,野毛,駒沢大学,田園都市線,35.63347682919529,139.66172218322754,1
世田谷区,野沢,三軒茶屋,田園都市線,35.64366111008705,139.67129230499268,6
世田谷区,野沢,学芸大学,東横線,35.62894231402541,139.68528270721436,85
世田谷区,野沢,駒沢大学,田園都市線,35.63347682919529,139.66172218322754,80
世田谷区,鎌田,二子玉川,大井町線,35.61244148458947,139.62734699249268,75
世田谷区,駒沢,桜新町,田園都市線,35.63169793467456,139.64481353759766,11
世田谷区,駒沢,駒沢大学,田園都市線,35.63347682919529,139.66172218322754,154
中央区,京橋,宝町,1号線浅草線,35.67563549843993,139.77197170257568,2
中央区,佃,月島,12号線大江戸線,35.66479283857099,139.78437423706055,314
中央区,入船,八丁堀,京葉線,35.67458964688106,139.7777223587036,31
中央区,入船,新富町,8号線有楽町線,35.6707198769473,139.7733449935913,23
中央区,八丁堀,京橋,3号線銀座線,35.67664647525238,139.77004051208496,2
中央区,八丁堀,八丁堀,京葉線,35.67458964688106,139.7777223587036,88
中央区,八丁堀,宝町,1号線浅草線,35.67563549843993,139.77197170257568,9
中央区,八丁堀,東京,東北線,35.68107370561057,139.7672939300537,12
中央区,勝どき,勝どき,12号線大江戸線,35.65935352206192,139.77763652801514,904
中央区,新富,新富町,8号線有楽町線,35.6707198769473,139.7733449935913,77
中央区,新富,銀座,2号線日比谷線,35.671905231815,139.76411819458008,1
中央区,新川,八丁堀,京葉線,35.67458964688106,139.7777223587036,235
中央区,新川,東京,東北線,35.68107370561057,139.7672939300537,3
中央区,新川,茅場町,5号線東西線,35.68020222298844,139.77952480316162,56
中央区,日本橋,日本橋,5号線東西線,35.682189189477825,139.77454662322998,3
中央区,日本橋,東京,東北線,35.68107370561057,139.7672939300537,5
中央区,日本橋中洲,水天宮前,11号線半蔵門線,35.68260749190749,139.78557586669922,73
中央区,日本橋久松町,人形町,1号線浅草線,35.68612811711556,139.78244304656982,2
中央区,日本橋久松町,馬喰横山,10号線新宿線,35.6919141537017,139.78484630584717,21
中央区,日本橋人形町,人形町,1号線浅草線,35.68612811711556,139.78244304656982,98
中央区,日本橋人形町,水天宮前,11号線半蔵門線,35.68260749190749,139.78557586669922,15
中央区,日本橋兜町,日本橋,5号線東西線,35.682189189477825,139.77454662322998,9
中央区,日本橋兜町,東京,東北線,35.68107370561057,139.7672939300537,3
中央区,日本橋兜町,茅場町,5号線東西線,35.68020222298844,139.77952480316162,16
中央区,日本橋堀留町,三越前,11号線半蔵門線,35.68553554750913,139.77420330047607,5
中央区,日本橋堀留町,人形町,1号線浅草線,35.68612811711556,139.78244304656982,63
中央区,日本橋堀留町,小伝馬町,2号線日比谷線,35.69083366066744,139.77866649627686,31
中央区,日本橋堀留町,新日本橋,総武線,35.68891662087583,139.77394580841064,1
中央区,日本橋大伝馬町,小伝馬町,2号線日比谷線,35.69083366066744,139.77866649627686,59
中央区,日本橋大伝馬町,馬喰横山,10号線新宿線,35.69215813397402,139.7827434539795,10
中央区,日本橋大伝馬町,馬喰町,総武線,35.69348258528672,139.7825288772583,5
中央区,日本橋室町,三越前,11号線半蔵門線,35.68553554750913,139.77420330047607,1
中央区,日本橋富沢町,人形町,1号線浅草線,35.68612811711556,139.78244304656982,41
中央区,日本橋富沢町,水天宮前,11号線半蔵門線,35.68260749190749,139.78557586669922,1
中央区,日本橋富沢町,馬喰横山,10号線新宿線,35.69215813397402,139.7827434539795,3
中央区,日本橋小伝馬町,小伝馬町,2号線日比谷線,35.69083366066744,139.77866649627686,23
中央区,日本橋小伝馬町,馬喰横山,10号線新宿線,35.69215813397402,139.7827434539795,2
中央区,日本橋小網町,三越前,11号線半蔵門線,35.68553554750913,139.77420330047607,2
中央区,日本橋小網町,人形町,1号線浅草線,35.68612811711556,139.78244304656982,23
中央区,日本橋小網町,東京,東北線,35.68107370561057,139.7672939300537,1
中央区,日本橋小網町,水天宮前,11号線半蔵門線,35.68260749190749,139.78557586669922,2
中央区,日本橋小網町,茅場町,5号線東西線,35.68020222298844,139.77952480316162,7
中央区,日本橋小舟町,三越前,11号線半蔵門線,35.68553554750913,139.77420330047607,18
中央区,日本橋小舟町,人形町,1号線浅草線,35.68612811711556,139.78244304656982,18
中央区,日本橋小舟町,小伝馬町,2号線日比谷線,35.69083366066744,139.77866649627686,2
中央区,日本橋本町,三越前,11号線半蔵門線,35.68553554750913,139.77420330047607,8
中央区,日本橋本町,小伝馬町,2号線日比谷線,35.69083366066744,139.77866649627686,17
中央区,日本橋本町,新日本橋,総武線,35.68891662087583,139.77394580841064,30
中央区,日本橋横山町,馬喰横山,10号線新宿線,35.69215813397402,139.7827434539795,8
中央区,日本橋横山町,馬喰町,総武線,35.69348258528672,139.7825288772583,34
中央区,日本橋浜町,人形町,1号線浅草線,35.68612811711556,139.78244304656982,16
中央区,日本橋浜町,水天宮前,11号線半蔵門線,35.68260749190749,139.78557586669922,46
中央区,日本橋浜町,浜町,10号線新宿線,35.68839378384561,139.78810787200928,290
中央区,日本橋浜町,馬喰横山,10号線新宿線,35.6919141537017,139.78484630584717,1
中央区,日本橋箱崎町,人形町,1号線浅草線,35.68612811711556,139.78244304656982,1
中央区,日本橋箱崎町,水天宮前,11号線半蔵門線,35.68260749190749,139.78557586669922,81
中央区,日本橋箱崎町,茅場町,5号線東西線,35.68020222298844,139.77952480316162,1
中央区,日本橋茅場町,八丁堀,京葉線,35.67458964688106,139.7777223587036,5
中央区,日本橋茅場町,日本橋,5号線東西線,35.682189189477825,139.77454662322998,1
中央区,日本橋茅場町,茅場町,5号線東西線,35.68020222298844,139.77952480316162,33
中央区,日本橋蛎殻町,人形町,1号線浅草線,35.68612811711556,139.78244304656982,13
中央区,日本橋蛎殻町,水天宮前,11号線半蔵門線,35.68260749190749,139.78557586669922,133
中央区,日本橋蛎殻町,茅場町,5号線東西線,35.68020222298844,139.77952480316162,1
中央区,日本橋馬喰町,小伝馬町,2号線日比谷線,35.69083366066744,139.77866649627686,1
中央区,日本橋馬喰町,浅草橋,総武線,35.697386103315395,139.7853183746338,1
中央区,日本橋馬喰町,馬喰横山,10号線新宿線,35.69203614383786,139.78379487991333,2
中央区,日本橋馬喰町,馬喰町,総武線,35.69348258528672,139.7825288772583,50
中央区,明石町,新富町,8号線有楽町線,35.6707198769473,139.7733449935913,77
中央区,明石町,築地,2号線日比谷線,35.66807019653416,139.77261543273926,22
中央区,晴海,勝どき,12号線大江戸線,35.65935352206192,139.77763652801514,898
中央区,晴海,月島,12号線大江戸線,35.66479283857099,139.78437423706055,284
中央区,月島,勝どき,12号線大江戸線,35.65935352206192,139.77763652801514,38
中央区,月島,月島,12号線大江戸線,35.66479283857099,139.78437423706055,345
中央区,東日本橋,浜町,10号線新宿線,35.68839378384561,139.78810787200928,2
中央区,東日本橋,馬喰横山,10号線新宿線,35.6919141537017,139.78484630584717,182
中央区,東日本橋,馬喰町,総武線,35.69348258528672,139.7825288772583,17
中央区,湊,八丁堀,京葉線,35.67458964688106,139.7777223587036,186
中央区,湊,新富町,8号線有楽町線,35.6707198769473,139.7733449935913,89
中央区,築地,新富町,8号線有楽町線,35.6707198769473,139.7733449935913,38
中央区,築地,新橋,東京臨海新交通臨海線,35.66643153437036,139.7581958770752,1
中央区,築地,東銀座,2号線日比谷線,35.66960423275643,139.76703643798828,28
中央区,築地,築地,2号線日比谷線,35.66807019653416,139.77261543273926,221
中央区,築地,築地市場,12号線大江戸線,35.66486257099233,139.76686477661133,5
中央区,豊海町,勝どき,12号線大江戸線,35.65935352206192,139.77763652801514,13
中央区,銀座,新富町,8号線有楽町線,35.6707198769473,139.7733449935913,14
中央区,銀座,新橋,東京臨海新交通臨海線,35.66643153437036,139.7581958770752,11
中央区,銀座,東銀座,2号線日比谷線,35.66960423275643,139.76703643798828,51
中央区,銀座,汐留,東京臨海新交通臨海線,35.66297977423875,139.75995540618896,5
中央区,銀座,築地市場,12号線大江戸線,35.66486257099233,139.76686477661133,16
中央区,銀座,銀座,2号線日比谷線,35.671905231815,139.76411819458008,26
中央区,銀座,銀座一丁目,8号線有楽町線,35.67424102664916,139.767165184021,32
中野区,上高田,中井,新宿線,35.71505410265722,139.6871280670166,9
中野区,上高田,中野,中央線,35.705819838018655,139.66579914093018,5
中野区,上高田,新井薬師前,新宿線,35.71582067275732,139.671893119812,42
中野区,上高田,東中野,中央線,35.7063077127284,139.68378067016602,1
中野区,上高田,落合,5号線東西線,35.710593912181494,139.6855401992798,13
中野区,上鷺宮,下井草,新宿線,35.72393889437902,139.62472915649414,1
中野区,上鷺宮,中村橋,池袋線,35.73682879116102,139.63773250579834,4
中野区,上鷺宮,富士見台,池袋線,35.73592308277645,139.6296215057373,48
中野区,上鷺宮,鷺ノ宮,新宿線,35.72261494902011,139.6388053894043,19
中野区,中央,中野,中央線,35.705819838018655,139.66579914093018,47
中野区,中央,中野坂上,4号線丸ノ内線分岐線,35.69707243481953,139.68214988708496,155
中野区,中央,新中野,4号線丸ノ内線,35.69749065920651,139.66906070709229,88
中野区,中央,東中野,中央線,35.7063077127284,139.68378067016602,10
中野区,中央,東高円寺,4号線丸ノ内線,35.697978584885774,139.6579885482788,3
中野区,中野,中野,中央線,35.705819838018655,139.66579914093018,221
中野区,中野,中野坂上,4号線丸ノ内線分岐線,35.69707243481953,139.68214988708496,4
中野区,中野,東中野,中央線,35.7063077127284,139.68378067016602,24
中野区,中野,落合,5号線東西線,35.710593912181494,139.6855401992798,2
中野区,丸山,野方,新宿線,35.71968825489141,139.65331077575684,31
中野区,南台,中野富士見町,4号線丸ノ内線分岐線,35.69048511140501,139.66691493988037,44
中野区,南台,中野新橋,4号線丸ノ内線分岐線,35.69247182179892,139.67425346374512,25
中野区,南台,幡ヶ谷,京王線,35.67730883242672,139.67695713043213,10
中野区,南台,方南町,4号線丸ノ内線分岐線,35.68347894825895,139.6576452255249,56
中野区,南台,笹塚,京王線,35.67378781807109,139.66734409332275,32
中野区,南台,西新宿五丁目,12号線大江戸線,35.68985771889443,139.6844244003296,7
中野区,大和町,中野新橋,4号線丸ノ内線分岐線,35.69247182179892,139.67425346374512,1
中野区,大和町,都立家政,新宿線,35.72240590300483,139.64477062225342,1
中野区,大和町,野方,新宿線,35.71968825489141,139.65331077575684,12
中野区,大和町,高円寺,中央線,35.70533196032312,139.64970588684082,43
中野区,弥生町,中野坂上,4号線丸ノ内線分岐線,35.69707243481953,139.68214988708496,4
中野区,弥生町,中野富士見町,4号線丸ノ内線分岐線,35.69048511140501,139.66691493988037,77
中野区,弥生町,中野新橋,4号線丸ノ内線分岐線,35.69247182179892,139.67425346374512,71
中野区,弥生町,方南町,4号線丸ノ内線分岐線,35.68347894825895,139.6576452255249,11
中野区,弥生町,西新宿五丁目,12号線大江戸線,35.68985771889443,139.6844244003296,11
中野区,新井,中野,中央線,35.705819838018655,139.66579914093018,101
中野区,新井,新井薬師前,新宿線,35.71582067275732,139.671893119812,27
中野区,新井,沼袋,新宿線,35.719304989365966,139.66442584991455,29
中野区,本町,中野坂上,4号線丸ノ内線分岐線,35.69707243481953,139.68214988708496,94
中野区,本町,中野富士見町,4号線丸ノ内線分岐線,35.69048511140501,139.66691493988037,24
中野区,本町,中野新橋,4号線丸ノ内線分岐線,35.69247182179892,139.67425346374512,37
中野区,本町,新中野,4号線丸ノ内線,35.69749065920651,139.66906070709229,137
中野区,本町,東高円寺,4号線丸ノ内線,35.697978584885774,139.6579885482788,2
中野区,本町,西新宿五丁目,12号線大江戸線,35.68985771889443,139.6844244003296,3
中野区,東中野,中野,中央線,35.705819838018655,139.66579914093018,2
中野区,東中野,中野坂上,4号線丸ノ内線分岐線,35.69707243481953,139.68214988708496,20
中野区,東中野,東中野,中央線,35.7063077127284,139.68378067016602,263
中野区,東中野,落合,5号線東西線,35.710593912181494,139.6855401992798,109
中野区,松が丘,新井薬師前,新宿線,35.71582067275732,139.671893119812,44
中野区,松が丘,沼袋,新宿線,35.719304989365966,139.66442584991455,8
中野区,江原町,新江古田,12号線大江戸線,35.732578839502125,139.67047691345215,43
中野区,江原町,江古田,池袋線,35.737560317335706,139.6726655960083,1
中野区,江古田,新井薬師前,新宿線,35.71582067275732,139.671893119812,1
中野区,江古田,新江古田,12号線大江戸線,35.732578839502125,139.67047691345215,72
中野区,江古田,沼袋,新宿線,35.719304989365966,139.66442584991455,19
中野区,沼袋,沼袋,新宿線,35.719304989365966,139.66442584991455,37
中野区,沼袋,野方,新宿線,35.71968825489141,139.65331077575684,2
中野区,白鷺,下井草,新宿線,35.72393889437902,139.62472915649414,2
中野区,白鷺,鷺ノ宮,新宿線,35.72261494902011,139.6388053894043,57
中野区,若宮,東中野,中央線,35.7063077127284,139.68378067016602,1
中野区,若宮,都立家政,新宿線,35.72240590300483,139.64477062225342,9
中野区,若宮,野方,新宿線,35.71968825489141,139.65331077575684,1
中野区,若宮,鷺ノ宮,新宿線,35.72261494902011,139.6388053894043,5
中野区,野方,中野,中央線,35.705819838018655,139.66579914093018,20
中野区,野方,沼袋,新宿線,35.719304989365966,139.66442584991455,6
中野区,野方,野方,新宿線,35.71968825489141,139.65331077575684,41
中野区,野方,高円寺,中央線,35.70533196032312,139.64970588684082,15
中野区,鷺宮,下井草,新宿線,35.72393889437902,139.62472915649414,29
中野区,鷺宮,都立家政,新宿線,35.72240590300483,139.64477062225342,32
中野区,鷺宮,鷺ノ宮,新宿線,35.72261494902011,139.6388053894043,28
八王子市,みなみ野,八王子みなみ野,横浜線,35.63127936550458,139.33093070983887,58
八王子市,めじろ台,めじろ台,高尾線,35.64341698155087,139.30771350860596,27
八王子市,七国,八王子みなみ野,横浜線,35.63127936550458,139.33093070983887,3
八王子市,万町,八王子,横浜線,35.655483013543204,139.33908462524414,9
八王子市,三崎町,八王子,横浜線,35.655483013543204,139.33908462524414,11
八王子市,上柚木,南大沢,相模原線,35.61415103092412,139.37994003295898,57
八王子市,上野町,八王子,横浜線,35.655483013543204,139.33908462524414,3
八王子市,下柚木,京王堀之内,相模原線,35.6244075416398,139.40032482147217,3
八王子市,下柚木,南大沢,相模原線,35.61415103092412,139.37994003295898,34
八王子市,並木町,西八王子,中央線,35.656598855063194,139.31239128112793,22
八王子市,中町,八王子,横浜線,35.655483013543204,139.33908462524414,4
八王子市,中野上町,八王子,横浜線,35.655483013543204,139.33908462524414,4
八王子市,中野上町,西八王子,中央線,35.656598855063194,139.31239128112793,1
八王子市,中野山王,八王子,横浜線,35.655483013543204,139.33908462524414,6
八王子市,久保山町,小宮,八高線,35.68567497604782,139.36865329742432,14
八王子市,元本郷町,西八王子,中央線,35.656598855063194,139.31239128112793,18
八王子市,元横山町,京王八王子,京王線,35.657819288874535,139.3429470062256,3
八王子市,元横山町,八王子,横浜線,35.655483013543204,139.33908462524414,47
八王子市,八幡町,八王子,横浜線,35.655483013543204,139.33908462524414,39
八王子市,八幡町,西八王子,中央線,35.656598855063194,139.31239128112793,1
八王子市,八日町,八王子,横浜線,35.655483013543204,139.33908462524414,108
八王子市,八木町,西八王子,中央線,35.656598855063194,139.31239128112793,10
八王子市,兵衛,八王子みなみ野,横浜線,35.63127936550458,139.33093070983887,7
八王子市,初沢町,高尾,高尾線,35.64202194703512,139.28277969360352,22
八王子市,別所,京王堀之内,相模原線,35.6244075416398,139.40032482147217,129
八王子市,別所,南大沢,相模原線,35.61415103092412,139.37994003295898,99
八王子市,北野台,北野,高尾線,35.644463241454105,139.35444831848145,9
八王子市,北野町,京王八王子,京王線,35.657819288874535,139.3429470062256,2
八王子市,北野町,八王子,横浜線,35.655483013543204,139.33908462524414,6
八王子市,北野町,北野,高尾線,35.644463241454105,139.35444831848145,33
八王子市,千人町,西八王子,中央線,35.656598855063194,139.31239128112793,45
八王子市,南大沢,南大沢,相模原線,35.61415103092412,139.37994003295898,148
八王子市,南新町,八王子,横浜線,35.655483013543204,139.33908462524414,1
八王子市,南町,八王子,横浜線,35.655483013543204,139.33908462524414,11
八王子市,台町,八王子,横浜線,35.655483013543204,139.33908462524414,12
八王子市,台町,西八王子,中央線,35.656598855063194,139.31239128112793,43
八王子市,叶谷町,八王子,横浜線,35.655483013543204,139.33908462524414,1
八王子市,叶谷町,西八王子,中央線,35.656598855063194,139.31239128112793,3
八王子市,四谷町,八王子,横浜線,35.655483013543204,139.33908462524414,2
八王子市,四谷町,西八王子,中央線,35.656598855063194,139.31239128112793,6
八王子市,堀之内,京王堀之内,相模原線,35.6244075416398,139.40032482147217,43
八王子市,大和田町,京王八王子,京王線,35.657819288874535,139.3429470062256,70
八王子市,大和田町,八王子,横浜線,35.655483013543204,139.33908462524414,38
八王子市,大和田町,北八王子,八高線,35.6696390968734,139.36350345611572,10
八王子市,大塚,中央大学・明星大学,多摩都市モノレール線,35.642091699339346,139.40834999084473,12
八王子市,大塚,大塚・帝京大学,多摩都市モノレール線,35.6369298643683,139.41646099090576,16
八王子市,大横町,八王子,横浜線,35.655483013543204,139.33908462524414,2
八王子市,大谷町,北八王子,八高線,35.6696390968734,139.36350345611572,1
八王子市,天神町,八王子,横浜線,35.655483013543204,139.33908462524414,13
八王子市,子安町,京王八王子,京王線,35.657819288874535,139.3429470062256,1
八王子市,子安町,京王片倉,高尾線,35.644393491220114,139.3373680114746,4
八王子市,子安町,八王子,横浜線,35.655483013543204,139.33908462524414,109
八王子市,寺田町,めじろ台,高尾線,35.64341698155087,139.30771350860596,29
八王子市,寺田町,高尾,高尾線,35.64202194703512,139.28277969360352,1
八王子市,寺町,八王子,横浜線,35.655483013543204,139.33908462524414,41
八王子市,小比企町,山田,高尾線,35.64442836634474,139.32123184204102,9
八王子市,山田町,めじろ台,高尾線,35.64341698155087,139.30771350860596,5
八王子市,山田町,山田,高尾線,35.64442836634474,139.32123184204102,1
八王子市,川口町,八王子,横浜線,35.655483013543204,139.33908462524414,2
八王子市,左入町,八王子,横浜線,35.655483013543204,139.33908462524414,2
八王子市,打越町,北野,高尾線,35.644463241454105,139.35444831848145,58
八王子市,散田町,めじろ台,高尾線,35.64341698155087,139.30771350860596,16
八王子市,散田町,八王子,横浜線,35.655483013543204,139.33908462524414,1
八王子市,散田町,西八王子,中央線,35.656598855063194,139.31239128112793,48
八王子市,新町,京王八王子,京王線,35.657819288874535,139.3429470062256,7
八王子市,新町,八王子,横浜線,35.655483013543204,139.33908462524414,2
八王子市,日吉町,西八王子,中央線,35.656598855063194,139.31239128112793,1
八王子市,旭町,京王八王子,京王線,35.657819288874535,139.3429470062256,1
八王子市,旭町,八王子,横浜線,35.655483013543204,139.33908462524414,41
八王子市,明神町,京王八王子,京王線,35.657819288874535,139.3429470062256,104
八王子市,明神町,八王子,横浜線,35.655483013543204,139.33908462524414,14
八王子市,暁町,京王八王子,京王線,35.657819288874535,139.3429470062256,1
八王子市,暁町,八王子,横浜線,35.655483013543204,139.33908462524414,23
八王子市,本町,八王子,横浜線,35.655483013543204,139.33908462524414,7
八王子市,東中野,中央大学・明星大学,多摩都市モノレール線,35.642091699339346,139.40834999084473,14
八王子市,東中野,京王堀之内,相模原線,35.6244075416398,139.40032482147217,6
八王子市,東中野,大塚・帝京大学,多摩都市モノレール線,35.6369298643683,139.41646099090576,1
八王子市,東浅川町,めじろ台,高尾線,35.64341698155087,139.30771350860596,16
八王子市,東浅川町,狭間,高尾線,35.6405571345809,139.2932939529419,20
八王子市,東浅川町,高尾,高尾線,35.64202194703512,139.28277969360352,41
八王子市,東町,八王子,横浜線,35.655483013543204,139.33908462524414,3
八王子市,松が谷,京王多摩センター,相模原線,35.62520986625084,139.4242286682129,28
八王子市,松が谷,松が谷,多摩都市モノレール線,35.63183745724416,139.42203998565674,17
八王子市,松木,京王堀之内,相模原線,35.6244075416398,139.40032482147217,54
八王子市,松木,南大沢,相模原線,35.61415103092412,139.37994003295898,12
八王子市,椚田町,めじろ台,高尾線,35.64341698155087,139.30771350860596,15
八王子市,椚田町,狭間,高尾線,35.6405571345809,139.2932939529419,42
八王子市,横山町,京王八王子,京王線,35.657819288874535,139.3429470062256,1
八王子市,横山町,八王子,横浜線,35.655483013543204,139.33908462524414,71
八王子市,横川町,西八王子,中央線,35.656598855063194,139.31239128112793,2
八王子市,片倉町,京王片倉,高尾線,35.644393491220114,139.3373680114746,1
八王子市,片倉町,片倉,横浜線,35.63972008683696,139.34118747711182,6
八王子市,狭間町,狭間,高尾線,35.6405571345809,139.2932939529419,48
八王子市,狭間町,高尾,高尾線,35.64202194703512,139.28277969360352,11
八王子市,石川町,北八王子,八高線,35.6696390968734,139.36350345611572,2
八王子市,絹ケ丘,北野,高尾線,35.644463241454105,139.35444831848145,7
八王子市,緑町,山田,高尾線,35.64442836634474,139.32123184204102,5
八王子市,西片倉,八王子みなみ野,横浜線,35.63127936550458,139.33093070983887,5
八王子市,諏訪町,八王子,横浜線,35.655483013543204,139.33908462524414,4
八王子市,諏訪町,西八王子,中央線,35.656598855063194,139.31239128112793,1
八王子市,越野,京王堀之内,相模原線,35.6244075416398,139.40032482147217,8
八王子市,追分町,西八王子,中央線,35.656598855063194,139.31239128112793,34
八王子市,鑓水,南大沢,相模原線,35.61415103092412,139.37994003295898,47
八王子市,鑓水,多摩境,相模原線,35.60193918415496,139.3670654296875,6
八王子市,長沼町,北野,高尾線,35.644463241454105,139.35444831848145,7
八王子市,長沼町,平山城址公園,京王線,35.64753219146695,139.38032627105713,11
八王子市,長沼町,長沼,京王線,35.64278921903279,139.3663787841797,4
八王子市,館町,高尾,高尾線,35.64202194703512,139.28277969360352,10
八王子市,高倉町,北八王子,八高線,35.6696390968734,139.36350345611572,10
八王子市,高倉町,日野,中央線,35.67936559071646,139.39405918121338,1
八王子市,高倉町,豊田,中央線,35.65952786487722,139.38144207000732,4
八王子市,高尾町,高尾,高尾線,35.64202194703512,139.28277969360352,6
八王子市,鹿島,京王多摩センター,相模原線,35.62520986625084,139.4242286682129,26
八王子市,鹿島,多摩センター,多摩都市モノレール線,35.62395405025491,139.42281246185303,1
八王子市,鹿島,小田急多摩センター,多摩線,35.62493079773405,139.42431449890137,1
八王子市,鹿島,松が谷,多摩都市モノレール線,35.63183745724416,139.42203998565674,23
北区,上中里,上中里,東北線,35.74654709041391,139.746994972229,9
北区,上中里,梶原,荒川線,35.75110975353587,139.74785327911377,1
北区,上十条,十条,赤羽線,35.76058253928885,139.72214698791504,49
北区,上十条,板橋本町,6号線三田線,35.76138349519607,139.7054958343506,6
北区,中十条,東十条,東北線,35.76389078329399,139.726824760437,18
北区,中里,駒込,7号線南北線,35.73655011275528,139.7468662261963,40
北区,十条仲原,十条,赤羽線,35.76058253928885,139.72214698791504,2
北区,十条仲原,東十条,東北線,35.76389078329399,139.726824760437,18
北区,十条台,十条,赤羽線,35.76058253928885,139.72214698791504,4
北区,十条台,王子駅前,荒川線,35.75232874139097,139.7382402420044,9
北区,堀船,尾久,東北線,35.74686056418665,139.7538185119629,1
北区,堀船,栄町,荒川線,35.75093561088951,139.74231719970703,1
北区,堀船,梶原,荒川線,35.75110975353587,139.74785327911377,3
北区,堀船,王子駅前,荒川線,35.75232874139097,139.7382402420044,81
北区,堀船,荒川車庫前,荒川線,35.7509007823145,139.7527027130127,1
北区,岩淵町,赤羽,東北線,35.77781872251616,139.72103118896484,5
北区,岩淵町,赤羽岩淵,7号線南北線,35.783424029535965,139.7218894958496,40
北区,岸町,東十条,東北線,35.76389078329399,139.726824760437,2
北区,岸町,王子駅前,荒川線,35.75232874139097,139.7382402420044,7
北区,志茂,志茂,7号線南北線,35.77806243973508,139.73248958587646,135
北区,志茂,赤羽,東北線,35.77781872251616,139.72103118896484,16
北区,志茂,赤羽岩淵,7号線南北線,35.783424029535965,139.7218894958496,2
北区,昭和町,尾久,東北線,35.74686056418665,139.7538185119629,59
北区,東十条,東十条,東北線,35.76389078329399,139.726824760437,93
北区,東十条,王子神谷,7号線南北線,35.765005108193805,139.73575115203855,4
北区,東十条,赤羽,東北線,35.77781872251616,139.72103118896484,8
北区,東田端,田端,山手線,35.738152500269095,139.76072788238525,29
北区,東田端,西日暮里,9号線千代田線,35.73202145196926,139.76690769195557,2
北区,栄町,王子駅前,荒川線,35.75232874139097,139.7382402420044,11
北区,桐ケ丘,志村坂上,6号線三田線,35.77579932253434,139.69528198242188,3
北区,浮間,北赤羽,東北線,35.7868009491863,139.7059679031372,124
北区,浮間,浮間舟渡,東北線,35.79118724914997,139.69146251678467,76
北区,滝野川,新庚申塚,荒川線,35.74153134215872,139.73064422607422,1
北区,滝野川,新板橋,6号線三田線,35.74888069888655,139.71965789794922,22
北区,滝野川,板橋,赤羽線,35.74550216892213,139.7197437286377,77
北区,滝野川,滝野川一丁目,荒川線,35.74731335745675,139.73540782928467,5
北区,滝野川,王子駅前,荒川線,35.75232874139097,139.7382402420044,53
北区,滝野川,西巣鴨,6号線三田線,35.743481948477125,139.7287130355835,135
北区,滝野川,飛鳥山,荒川線,35.75020420761389,139.73738193511963,1
北区,王子,東十条,東北線,35.76389078329399,139.726824760437,68
北区,王子,王子神谷,7号線南北線,35.765005108193805,139.73575115203855,44
北区,王子,王子駅前,荒川線,35.75232874139097,139.7382402420044,85
北区,王子本町,王子駅前,荒川線,35.75232874139097,139.7382402420044,38
北区,田端,田端,山手線,35.738152500269095,139.76072788238525,54
北区,田端,西日暮里,9号線千代田線,35.73202145196926,139.76690769195557,1
北区,田端,駒込,7号線南北線,35.73655011275528,139.7468662261963,22
北区,田端新町,新三河島,本線,35.73728164149017,139.77403163909912,3
北区,田端新町,田端,山手線,35.738152500269095,139.76072788238525,73
北区,田端新町,西日暮里,9号線千代田線,35.73202145196926,139.76690769195557,20
北区,田端新町,赤土小学校前,日暮里・舎人ライナー,35.74295946932821,139.76901054382324,3
北区,神谷,志茂,7号線南北線,35.77806243973508,139.73248958587646,11
北区,神谷,東十条,東北線,35.76389078329399,139.726824760437,20
北区,神谷,王子神谷,7号線南北線,35.765005108193805,139.73575115203855,35
北区,神谷,赤羽,東北線,35.77781872251616,139.72103118896484,12
北区,西が丘,本蓮沼,6号線三田線,35.76862655631005,139.7023630142212,3
北区,西が丘,板橋本町,6号線三田線,35.76138349519607,139.7054958343506,1
北区,西ケ原,上中里,東北線,35.74654709041391,139.746994972229,1
北区,西ケ原,王子駅前,荒川線,35.75232874139097,139.7382402420044,3
北区,西ケ原,西ヶ原,7号線南北線,35.74567632345665,139.74248886108398,33
北区,西ケ原,西ヶ原四丁目,荒川線,35.744596559200644,139.7329616546631,2
北区,西ケ原,西巣鴨,6号線三田線,35.743481948477125,139.7287130355835,9
北区,西ケ原,駒込,7号線南北線,35.73655011275528,139.7468662261963,39
北区,豊島,梶原,荒川線,35.75110975353587,139.74785327911377,1
北区,豊島,王子神谷,7号線南北線,35.765005108193805,139.73575115203855,66
北区,豊島,王子駅前,荒川線,35.75232874139097,139.7382402420044,72
北区,赤羽,北赤羽,東北線,35.7868009491863,139.7059679031372,1
北区,赤羽,赤羽,東北線,35.77781872251616,139.72103118896484,92
北区,赤羽,赤羽岩淵,7号線南北線,35.783424029535965,139.7218894958496,26
北区,赤羽北,北赤羽,東北線,35.7868009491863,139.7059679031372,116
北区,赤羽南,赤羽,東北線,35.77781872251616,139.72103118896484,72
北区,赤羽台,北赤羽,東北線,35.7868009491863,139.7059679031372,13
北区,赤羽台,赤羽,東北線,35.77781872251616,139.72103118896484,3
北区,赤羽西,本蓮沼,6号線三田線,35.76862655631005,139.7023630142212,41
北区,赤羽西,赤羽,東北線,35.77781872251616,139.72103118896484,60
千代田区,一番町,半蔵門,11号線半蔵門線,35.68532640424424,139.74163055419922,72
千代田区,一番町,麹町,8号線有楽町線,35.68522183240617,139.73716735839844,2
千代田区,三番町,半蔵門,11号線半蔵門線,35.68532640424424,139.74163055419922,44
千代田区,三番町,市ヶ谷,中央線,35.69100793472752,139.73553657531738,16
千代田区,九段北,九段下,5号線東西線,35.69546922101648,139.7513723373413,17
千代田区,九段北,市ヶ谷,中央線,35.69100793472752,139.73553657531738,19
千代田区,九段北,飯田橋,5号線東西線,35.70212583261713,139.74510669708252,1
千代田区,九段南,九段下,5号線東西線,35.69546922101648,139.7513723373413,7
千代田区,九段南,半蔵門,11号線半蔵門線,35.68532640424424,139.74163055419922,1
千代田区,九段南,市ヶ谷,中央線,35.69100793472752,139.73553657531738,51
千代田区,二番町,半蔵門,11号線半蔵門線,35.68532640424424,139.74163055419922,1
千代田区,二番町,四ツ谷,4号線丸ノ内線,35.685396118726786,139.7303867340088,3
千代田区,二番町,麹町,8号線有楽町線,35.68522183240617,139.73716735839844,34
千代田区,五番町,市ヶ谷,中央線,35.69100793472752,139.73553657531738,25
千代田区,六番町,四ツ谷,4号線丸ノ内線,35.685396118726786,139.7303867340088,8
千代田区,六番町,市ヶ谷,中央線,35.69100793472752,139.73553657531738,2
千代田区,六番町,麹町,8号線有楽町線,35.68522183240617,139.73716735839844,4
千代田区,内神田,大手町,11号線半蔵門線,35.68668582566555,139.76523399353027,25
千代田区,内神田,小川町,10号線新宿線,35.69498127998335,139.7663927078247,1
千代田区,内神田,新御茶ノ水,9号線千代田線,35.69717699112191,139.76557731628418,1
千代田区,内神田,淡路町,4号線丸ノ内線,35.695155544980764,139.76746559143066,4
千代田区,内神田,神田,中央線,35.69219298823771,139.77111339569092,21
千代田区,四番町,市ヶ谷,中央線,35.69100793472752,139.73553657531738,14
千代田区,四番町,麹町,8号線有楽町線,35.68522183240617,139.73716735839844,4
千代田区,外神田,御茶ノ水,総武線,35.699721152225635,139.76441860198975,8
千代田区,外神田,末広町,3号線銀座線,35.7028576774716,139.77171421051025,22
千代田区,外神田,湯島,9号線千代田線,35.707039519194595,139.76995468139648,11
千代田区,外神田,秋葉原,東北線,35.698292249817314,139.77373123168945,40
千代田区,富士見,九段下,5号線東西線,35.69546922101648,139.7513723373413,1
千代田区,富士見,飯田橋,5号線東西線,35.70212583261713,139.74510669708252,50
千代田区,岩本町,三越前,11号線半蔵門線,35.68553554750913,139.77420330047607,1
千代田区,岩本町,小伝馬町,2号線日比谷線,35.69083366066744,139.77866649627686,28
千代田区,岩本町,岩本町,10号線新宿線,35.69557377942087,139.77497577667236,68
千代田区,岩本町,神田,中央線,35.69219298823771,139.77111339569092,13
千代田区,岩本町,秋葉原,東北線,35.698292249817314,139.77373123168945,5
千代田区,岩本町,馬喰横山,10号線新宿線,35.69215813397402,139.7827434539795,1
千代田区,岩本町,馬喰町,総武線,35.69348258528672,139.7825288772583,3
千代田区,平河町,半蔵門,11号線半蔵門線,35.68532640424424,139.74163055419922,38
千代田区,平河町,永田町,11号線半蔵門線,35.67856380989126,139.74012851715088,10
千代田区,平河町,麹町,8号線有楽町線,35.68522183240617,139.73716735839844,15
千代田区,東神田,小伝馬町,2号線日比谷線,35.69083366066744,139.77866649627686,1
千代田区,東神田,岩本町,10号線新宿線,35.69557377942087,139.77497577667236,19
千代田区,東神田,浅草橋,総武線,35.697386103315395,139.7853183746338,27
千代田区,東神田,秋葉原,東北線,35.698292249817314,139.77373123168945,19
千代田区,東神田,馬喰町,総武線,35.69348258528672,139.7825288772583,63
千代田区,永田町,国会議事堂前,9号線千代田線,35.67291625588,139.74133014678955,4
千代田区,永田町,永田町,11号線半蔵門線,35.67856380989126,139.74012851715088,6
千代田区,神田三崎町,水道橋,6号線三田線,35.70345011838589,139.75510597229004,13
千代田区,神田佐久間町,浅草橋,総武線,35.697386103315395,139.7853183746338,8
千代田区,神田佐久間町,秋葉原,東北線,35.698292249817314,139.77373123168945,32
千代田区,神田司町,淡路町,4号線丸ノ内線,35.695155544980764,139.76746559143066,3
千代田区,神田司町,神田,中央線,35.69219298823771,139.77111339569092,6
千代田区,神田和泉町,浅草橋,総武線,35.697386103315395,139.7853183746338,2
千代田区,神田和泉町,秋葉原,東北線,35.698292249817314,139.77373123168945,11
千代田区,神田多町,小川町,10号線新宿線,35.69498127998335,139.7663927078247,2
千代田区,神田多町,淡路町,4号線丸ノ内線,35.695155544980764,139.76746559143066,9
千代田区,神田多町,神田,中央線,35.69219298823771,139.77111339569092,21
千代田区,神田富山町,神田,中央線,35.69219298823771,139.77111339569092,5
千代田区,神田小川町,小川町,10号線新宿線,35.69498127998335,139.7663927078247,1
千代田区,神田小川町,御茶ノ水,総武線,35.699721152225635,139.76441860198975,2
千代田区,神田小川町,新御茶ノ水,9号線千代田線,35.69717699112191,139.76557731628418,10
千代田区,神田小川町,淡路町,4号線丸ノ内線,35.695155544980764,139.76746559143066,6
千代田区,神田小川町,神保町,11号線半蔵門線,35.695957159064136,139.75811004638672,2
千代田区,神田小川町,神田,中央線,35.69219298823771,139.77111339569092,1
千代田区,神田東松下町,岩本町,10号線新宿線,35.69557377942087,139.77497577667236,37
千代田区,神田東松下町,神田,中央線,35.69219298823771,139.77111339569092,3
千代田区,神田東紺屋町,岩本町,10号線新宿線,35.69557377942087,139.77497577667236,1
千代田区,神田東紺屋町,神田,中央線,35.69219298823771,139.77111339569092,1
千代田区,神田淡路町,小川町,10号線新宿線,35.69498127998335,139.7663927078247,1
千代田区,神田淡路町,御茶ノ水,総武線,35.699721152225635,139.76441860198975,2
千代田区,神田淡路町,新御茶ノ水,9号線千代田線,35.69717699112191,139.76557731628418,18
千代田区,神田淡路町,淡路町,4号線丸ノ内線,35.695155544980764,139.76746559143066,6
千代田区,神田猿楽町,御茶ノ水,総武線,35.699721152225635,139.76441860198975,1
千代田区,神田猿楽町,水道橋,6号線三田線,35.70345011838589,139.75510597229004,8
千代田区,神田猿楽町,神保町,11号線半蔵門線,35.695957159064136,139.75811004638672,18
千代田区,神田神保町,九段下,5号線東西線,35.69546922101648,139.7513723373413,19
千代田区,神田神保町,神保町,11号線半蔵門線,35.695957159064136,139.75811004638672,65
千代田区,神田練塀町,秋葉原,東北線,35.698292249817314,139.77373123168945,7
千代田区,神田美土代町,新御茶ノ水,9号線千代田線,35.69717699112191,139.76557731628418,2
千代田区,神田美土代町,淡路町,4号線丸ノ内線,35.695155544980764,139.76746559143066,9
千代田区,神田錦町,大手町,11号線半蔵門線,35.68668582566555,139.76523399353027,11
千代田区,神田錦町,小川町,10号線新宿線,35.69498127998335,139.7663927078247,9
千代田区,神田錦町,新御茶ノ水,9号線千代田線,35.69717699112191,139.76557731628418,8
千代田区,神田錦町,淡路町,4号線丸ノ内線,35.695155544980764,139.76746559143066,2
千代田区,神田錦町,神保町,11号線半蔵門線,35.695957159064136,139.75811004638672,5
千代田区,神田錦町,竹橋,5号線東西線,35.69034569127356,139.75823879241943,2
千代田区,神田鍛冶町,神田,中央線,35.69219298823771,139.77111339569092,3
千代田区,神田須田町,岩本町,10号線新宿線,35.69557377942087,139.77497577667236,8
千代田区,神田須田町,淡路町,4号線丸ノ内線,35.695155544980764,139.76746559143066,17
千代田区,神田須田町,神田,中央線,35.69219298823771,139.77111339569092,24
千代田区,神田須田町,秋葉原,東北線,35.698292249817314,139.77373123168945,4
千代田区,神田駿河台,御茶ノ水,総武線,35.699721152225635,139.76441860198975,18
千代田区,神田駿河台,水道橋,6号線三田線,35.70345011838589,139.75510597229004,9
千代田区,紀尾井町,永田町,11号線半蔵門線,35.67856380989126,139.74012851715088,1
千代田区,西神田,水道橋,6号線三田線,35.70345011838589,139.75510597229004,3
千代田区,西神田,神保町,11号線半蔵門線,35.695957159064136,139.75811004638672,1
千代田区,鍛冶町,神田,中央線,35.69219298823771,139.77111339569092,3
千代田区,隼町,半蔵門,11号線半蔵門線,35.68532640424424,139.74163055419922,3
千代田区,飯田橋,九段下,5号線東西線,35.69546922101648,139.7513723373413,36
千代田区,飯田橋,飯田橋,5号線東西線,35.70212583261713,139.74510669708252,53
千代田区,麹町,半蔵門,11号線半蔵門線,35.68532640424424,139.74163055419922,26
千代田区,麹町,四ツ谷,4号線丸ノ内線,35.685396118726786,139.7303867340088,5
千代田区,麹町,麹町,8号線有楽町線,35.68522183240617,139.73716735839844,37
台東区,三ノ輪,三ノ輪,2号線日比谷線,35.72961767354769,139.79132652282715,41
台東区,三筋,新御徒町,12号線大江戸線,35.70700467141998,139.78222846984863,25
台東区,三筋,蔵前,1号線浅草線,35.70313647374438,139.79076862335205,54
台東区,上野,上野,東北線,35.71418299132,139.77729320526123,47
台東区,上野,京成上野,本線,35.71108175767216,139.77360248565674,1
台東区,上野,仲御徒町,2号線日比谷線,35.70745769130184,139.77622032165527,7
台東区,上野,御徒町,東北線,35.70735314848069,139.77471828460693,9
台東区,上野,新御徒町,12号線大江戸線,35.70700467141998,139.78222846984863,1
台東区,上野,末広町,3号線銀座線,35.7028576774716,139.77171421051025,7
台東区,上野,湯島,9号線千代田線,35.707039519194595,139.76995468139648,21
台東区,上野,秋葉原,東北線,35.698292249817314,139.77373123168945,1
台東区,上野桜木,上野,東北線,35.71418299132,139.77729320526123,1
台東区,上野桜木,日暮里,常磐線,35.72808479145526,139.7706413269043,1
台東区,上野桜木,根津,9号線千代田線,35.717423477320125,139.76562023162842,7
台東区,上野桜木,鶯谷,東北線,35.72153487203698,139.77806568145752,5
台東区,下谷,三ノ輪,2号線日比谷線,35.72961767354769,139.79132652282715,18
台東区,下谷,上野,東北線,35.71418299132,139.77729320526123,14
台東区,下谷,入谷,2号線日比谷線,35.72083804040625,139.78463172912598,98
台東区,下谷,鶯谷,東北線,35.72153487203698,139.77806568145752,4
台東区,今戸,南千住,2号線日比谷線,35.73324073213058,139.7990083694458,3
台東区,今戸,浅草,3号線銀座線,35.7105242197248,139.7975492477417,45
台東区,元浅草,上野,東北線,35.71418299132,139.77729320526123,2
台東区,元浅草,新御徒町,12号線大江戸線,35.70700467141998,139.78222846984863,64
台東区,元浅草,田原町,3号線銀座線,35.71003637082161,139.7905969619751,38
台東区,元浅草,稲荷町,3号線銀座線,35.71136052518334,139.78257179260254,9
台東区,入谷,入谷,2号線日比谷線,35.72083804040625,139.78463172912598,92
台東区,北上野,上野,東北線,35.71418299132,139.77729320526123,22
台東区,北上野,入谷,2号線日比谷線,35.72083804040625,139.78463172912598,18
台東区,北上野,稲荷町,3号線銀座線,35.71136052518334,139.78257179260254,4
台東区,千束,三ノ輪,2号線日比谷線,35.72961767354769,139.79132652282715,48
台東区,千束,入谷,2号線日比谷線,35.72083804040625,139.78463172912598,46
台東区,千束,浅草,常磐新線,35.71404361262242,139.79252815246582,33
台東区,台東,仲御徒町,2号線日比谷線,35.70745769130184,139.77622032165527,42
台東区,台東,入谷,2号線日比谷線,35.72083804040625,139.78463172912598,1
台東区,台東,御徒町,東北線,35.70735314848069,139.77471828460693,23
台東区,台東,新御徒町,12号線大江戸線,35.70700467141998,139.78222846984863,76
台東区,台東,浅草橋,総武線,35.697386103315395,139.7853183746338,1
台東区,台東,秋葉原,東北線,35.698292249817314,139.77373123168945,42
台東区,寿,田原町,3号線銀座線,35.71003637082161,139.7905969619751,58
台東区,寿,蔵前,1号線浅草線,35.70313647374438,139.79076862335205,28
台東区,小島,御徒町,東北線,35.70735314848069,139.77471828460693,1
台東区,小島,新御徒町,12号線大江戸線,35.70700467141998,139.78222846984863,38
台東区,日本堤,三ノ輪,2号線日比谷線,35.72961767354769,139.79132652282715,48
台東区,日本堤,南千住,2号線日比谷線,35.73324073213058,139.7990083694458,11
台東区,東上野,上野,東北線,35.71418299132,139.77729320526123,102
台東区,東上野,新御徒町,12号線大江戸線,35.70700467141998,139.78222846984863,10
台東区,東上野,稲荷町,3号線銀座線,35.71136052518334,139.78257179260254,56
台東区,東浅草,三ノ輪,2号線日比谷線,35.72961767354769,139.79132652282715,1
台東区,東浅草,浅草,3号線銀座線,35.7105242197248,139.7975492477417,21
台東区,東浅草,浅草,常磐新線,35.71404361262242,139.79252815246582,2
台東区,松が谷,上野,東北線,35.71418299132,139.77729320526123,10
台東区,松が谷,入谷,2号線日比谷線,35.72083804040625,139.78463172912598,55
台東区,松が谷,浅草,常磐新線,35.71404361262242,139.79252815246582,20
台東区,松が谷,田原町,3号線銀座線,35.71003637082161,139.7905969619751,29
台東区,松が谷,稲荷町,3号線銀座線,35.71136052518334,139.78257179260254,19
台東区,柳橋,浅草橋,総武線,35.697386103315395,139.7853183746338,40
台東区,根岸,三ノ輪,2号線日比谷線,35.72961767354769,139.79132652282715,38
台東区,根岸,上野,東北線,35.71418299132,139.77729320526123,5
台東区,根岸,入谷,2号線日比谷線,35.72083804040625,139.78463172912598,52
台東区,根岸,日暮里,常磐線,35.72808479145526,139.7706413269043,12
台東区,根岸,日比谷,2号線日比谷線,35.67483368013731,139.75974082946777,1
台東区,根岸,鶯谷,東北線,35.72153487203698,139.77806568145752,75
台東区,橋場,南千住,2号線日比谷線,35.73324073213058,139.7990083694458,27
台東区,橋場,東向島,伊勢崎線,35.72508861855118,139.81939315795898,3
台東区,橋場,浅草,3号線銀座線,35.7105242197248,139.7975492477417,3
台東区,池之端,上野,東北線,35.71418299132,139.77729320526123,6
台東区,池之端,根津,9号線千代田線,35.717423477320125,139.76562023162842,81
台東区,池之端,湯島,9号線千代田線,35.707039519194595,139.76995468139648,35
台東区,浅草,三ノ輪,2号線日比谷線,35.72961767354769,139.79132652282715,1
台東区,浅草,入谷,2号線日比谷線,35.72083804040625,139.78463172912598,1
台東区,浅草,浅草,3号線銀座線,35.7105242197248,139.7975492477417,95
台東区,浅草,浅草,常磐新線,35.71404361262242,139.79252815246582,128
台東区,浅草,浅草橋,総武線,35.697386103315395,139.7853183746338,3
台東区,浅草,田原町,3号線銀座線,35.71003637082161,139.7905969619751,3
台東区,浅草橋,浅草橋,総武線,35.697386103315395,139.7853183746338,117
台東区,浅草橋,秋葉原,東北線,35.698292249817314,139.77373123168945,9
台東区,浅草橋,蔵前,1号線浅草線,35.70313647374438,139.79076862335205,24
台東区,清川,南千住,2号線日比谷線,35.73324073213058,139.7990083694458,46
台東区,竜泉,三ノ輪,2号線日比谷線,35.72961767354769,139.79132652282715,91
台東区,竜泉,入谷,2号線日比谷線,35.72083804040625,139.78463172912598,44
台東区,花川戸,浅草,3号線銀座線,35.7105242197248,139.7975492477417,18
台東区,蔵前,新御徒町,12号線大江戸線,35.70700467141998,139.78222846984863,1
台東区,蔵前,浅草橋,総武線,35.697386103315395,139.7853183746338,6
台東区,蔵前,蔵前,1号線浅草線,35.70313647374438,139.79076862335205,156
台東区,西浅草,入谷,2号線日比谷線,35.72083804040625,139.78463172912598,1
台東区,西浅草,浅草,3号線銀座線,35.7105242197248,139.7975492477417,2
台東区,西浅草,浅草,常磐新線,35.71404361262242,139.79252815246582,106
台東区,西浅草,田原町,3号線銀座線,35.71003637082161,139.7905969619751,46
台東区,谷中,千駄木,9号線千代田線,35.72536733706376,139.76321697235107,3
台東区,谷中,日暮里,常磐線,35.72808479145526,139.7706413269043,3
台東区,谷中,根津,9号線千代田線,35.717423477320125,139.76562023162842,5
台東区,谷中,西日暮里,9号線千代田線,35.73202145196926,139.76690769195557,11
台東区,雷門,浅草,3号線銀座線,35.7105242197248,139.7975492477417,42
台東区,雷門,田原町,3号線銀座線,35.71003637082161,139.7905969619751,7
台東区,駒形,浅草,3号線銀座線,35.7105242197248,139.7975492477417,15
台東区,駒形,蔵前,1号線浅草線,35.70313647374438,139.79076862335205,22
台東区,鳥越,新御徒町,12号線大江戸線,35.70700467141998,139.78222846984863,11
台東区,鳥越,浅草橋,総武線,35.697386103315395,139.7853183746338,13
台東区,鳥越,蔵前,1号線浅草線,35.70313647374438,139.79076862335205,10
品川区,上大崎,不動前,目黒線,35.625628467199704,139.71360683441162,1
品川区,上大崎,五反田,1号線浅草線,35.626116832203465,139.72369194030762,5
品川区,上大崎,恵比寿,山手線,35.64645109752553,139.7103452682495,1
品川区,上大崎,白金台,6号線三田線,35.63787157534247,139.72600936889648,21
品川区,上大崎,目黒,山手線,35.633965146256,139.71579551696777,254
品川区,上大崎,高輪台,1号線浅草線,35.63176769598981,139.7303867340088,4
品川区,中延,中延,大井町線,35.60584717791943,139.71283435821533,28
品川区,中延,戸越銀座,池上線,35.616000090929475,139.71498012542725,1
品川区,中延,武蔵小山,目黒線,35.62050045456624,139.70442295074463,1
品川区,中延,荏原中延,池上線,35.60989454167728,139.7118902206421,43
品川区,中延,荏原町,大井町線,35.603893204894874,139.70738410949707,37
品川区,二葉,下神明,大井町線,35.608708266614684,139.7263526916504,10
品川区,二葉,中延,大井町線,35.60584717791943,139.71283435821533,8
品川区,二葉,大井町,大井町線,35.607591756369814,139.73450660705566,23
品川区,二葉,西大井,東海道線,35.6017647156972,139.72180366516113,9
品川区,八潮,品川シーサイド,臨海副都心線,35.609754980818195,139.74974155426025,6
品川区,八潮,大井競馬場前,東京モノレール羽田線,35.59502994252175,139.746994972229,79
品川区,勝島,品川シーサイド,臨海副都心線,35.609754980818195,139.74974155426025,6
品川区,勝島,大井町,大井町線,35.607591756369814,139.73450660705566,1
品川区,勝島,大井競馬場前,東京モノレール羽田線,35.59502994252175,139.746994972229,46
品川区,勝島,立会川,本線,35.598414847546394,139.73888397216797,28
品川区,勝島,鮫洲,本線,35.605009766751664,139.74218845367432,5
品川区,北品川,五反田,1号線浅草線,35.626116832203465,139.72369194030762,2
品川区,北品川,北品川,本線,35.62203540439799,139.73918437957764,60
品川区,北品川,品川,本線,35.6286981405259,139.7385835647583,32
品川区,北品川,大崎,臨海副都心線,35.61945388097038,139.7283697128296,175
品川区,北品川,新馬場,本線,35.61763978762589,139.7413730621338,71
品川区,北品川,高輪台,1号線浅草線,35.63176769598981,139.7303867340088,2
品川区,南品川,大井町,大井町線,35.607591756369814,139.73450660705566,98
品川区,南品川,新馬場,本線,35.61763978762589,139.7413730621338,28
品川区,南品川,青物横丁,本線,35.609371187200324,139.7429609298706,86
品川区,南大井,品川シーサイド,臨海副都心線,35.609754980818195,139.74974155426025,1
品川区,南大井,大井町,大井町線,35.607591756369814,139.73450660705566,9
品川区,南大井,大森,東海道線,35.58843420093636,139.72789764404297,166
品川区,南大井,大森海岸,本線,35.58763150746391,139.7353219985962,136
品川区,南大井,立会川,本線,35.598414847546394,139.73888397216797,95
品川区,南大井,鮫洲,本線,35.605009766751664,139.74218845367432,1
品川区,大井,大井町,大井町線,35.607591756369814,139.73450660705566,213
品川区,大井,大崎,臨海副都心線,35.61945388097038,139.7283697128296,1
品川区,大井,大森,東海道線,35.58843420093636,139.72789764404297,28
品川区,大井,立会川,本線,35.598414847546394,139.73888397216797,3
品川区,大井,西大井,東海道線,35.6017647156972,139.72180366516113,9
品川区,大崎,五反田,1号線浅草線,35.626116832203465,139.72369194030762,14
品川区,大崎,大崎,臨海副都心線,35.61945388097038,139.7283697128296,311
品川区,大崎,大崎広小路,池上線,35.62269821453519,139.7226619720459,13
品川区,大崎,戸越,1号線浅草線,35.61394170068287,139.71622467041016,2
品川区,大崎,目黒,山手線,35.633965146256,139.71579551696777,1
品川区,小山,不動前,目黒線,35.625628467199704,139.71360683441162,33
品川区,小山,武蔵小山,目黒線,35.62050045456624,139.70442295074463,166
品川区,小山,洗足,目黒線,35.61045278267899,139.69446659088135,1
品川区,小山,西小山,目黒線,35.61554655186582,139.69875812530518,27
品川区,小山台,不動前,目黒線,35.625628467199704,139.71360683441162,6
品川区,小山台,武蔵小山,目黒線,35.62050045456624,139.70442295074463,37
品川区,平塚,五反田,1号線浅草線,35.626116832203465,139.72369194030762,3
品川区,平塚,戸越,1号線浅草線,35.61394170068287,139.71622467041016,36
品川区,平塚,戸越銀座,池上線,35.616000090929475,139.71498012542725,46
品川区,平塚,武蔵小山,目黒線,35.62050045456624,139.70442295074463,3
品川区,戸越,中延,大井町線,35.60584717791943,139.71283435821533,7
品川区,戸越,大崎,臨海副都心線,35.61945388097038,139.7283697128296,2
品川区,戸越,戸越,1号線浅草線,35.61394170068287,139.71622467041016,27
品川区,戸越,戸越公園,大井町線,35.60881293865128,139.71802711486816,32
品川区,戸越,荏原中延,池上線,35.60989454167728,139.7118902206421,2
品川区,旗の台,旗の台,大井町線,35.604870197371625,139.70279216766355,86
品川区,旗の台,洗足,目黒線,35.61045278267899,139.69446659088135,2
品川区,旗の台,荏原町,大井町線,35.603893204894874,139.70738410949707,3
品川区,旗の台,長原,池上線,35.60207875864732,139.69759941101074,1
品川区,東中延,中延,大井町線,35.60584717791943,139.71283435821533,4
品川区,東中延,戸越,1号線浅草線,35.61394170068287,139.71622467041016,8
品川区,東中延,戸越銀座,池上線,35.616000090929475,139.71498012542725,1
品川区,東中延,荏原中延,池上線,35.60989454167728,139.7118902206421,13
品川区,東五反田,五反田,1号線浅草線,35.626116832203465,139.72369194030762,252
品川区,東五反田,大崎,臨海副都心線,35.61945388097038,139.7283697128296,43
品川区,東五反田,白金台,6号線三田線,35.63787157534247,139.72600936889648,1
品川区,東五反田,目黒,山手線,35.633965146256,139.71579551696777,12
品川区,東五反田,高輪台,1号線浅草線,35.63176769598981,139.7303867340088,66
品川区,東品川,北品川,本線,35.62203540439799,139.73918437957764,7
品川区,東品川,品川,本線,35.6286981405259,139.7385835647583,1
品川区,東品川,品川シーサイド,臨海副都心線,35.609754980818195,139.74974155426025,255
品川区,東品川,大井町,大井町線,35.607591756369814,139.73450660705566,1
品川区,東品川,天王洲アイル,東京モノレール羽田線,35.62315171304253,139.75055694580078,202
品川区,東品川,新馬場,本線,35.61763978762589,139.7413730621338,56
品川区,東品川,青物横丁,本線,35.609371187200324,139.7429609298706,53
品川区,東大井,品川シーサイド,臨海副都心線,35.609754980818195,139.74974155426025,102
品川区,東大井,大井町,大井町線,35.607591756369814,139.73450660705566,179
品川区,東大井,立会川,本線,35.598414847546394,139.73888397216797,31
品川区,東大井,青物横丁,本線,35.609371187200324,139.7429609298706,2
品川区,東大井,鮫洲,本線,35.605009766751664,139.74218845367432,32
品川区,荏原,不動前,目黒線,35.625628467199704,139.71360683441162,3
品川区,荏原,戸越銀座,池上線,35.616000090929475,139.71498012542725,30
品川区,荏原,旗の台,大井町線,35.604870197371625,139.70279216766355,2
品川区,荏原,武蔵小山,目黒線,35.62050045456624,139.70442295074463,114
品川区,荏原,洗足,目黒線,35.61045278267899,139.69446659088135,1
品川区,荏原,荏原中延,池上線,35.60989454167728,139.7118902206421,10
品川区,荏原,西小山,目黒線,35.61554655186582,139.69875812530518,30
品川区,西中延,戸越銀座,池上線,35.616000090929475,139.71498012542725,6
品川区,西中延,旗の台,大井町線,35.604870197371625,139.70279216766355,4
品川区,西中延,武蔵小山,目黒線,35.62050045456624,139.70442295074463,3
品川区,西中延,荏原中延,池上線,35.60989454167728,139.7118902206421,19
品川区,西中延,荏原町,大井町線,35.603893204894874,139.70738410949707,2
品川区,西五反田,不動前,目黒線,35.625628467199704,139.71360683441162,275
品川区,西五反田,五反田,1号線浅草線,35.626116832203465,139.72369194030762,196
品川区,西五反田,大崎広小路,池上線,35.62269821453519,139.7226619720459,14
品川区,西五反田,戸越,1号線浅草線,35.61394170068287,139.71622467041016,41
品川区,西五反田,戸越銀座,池上線,35.616000090929475,139.71498012542725,5
品川区,西五反田,目黒,山手線,35.633965146256,139.71579551696777,62
品川区,西品川,下神明,大井町線,35.608708266614684,139.7263526916504,4
品川区,西品川,大崎,臨海副都心線,35.61945388097038,139.7283697128296,25
品川区,西品川,戸越,1号線浅草線,35.61394170068287,139.71622467041016,1
品川区,西大井,中延,大井町線,35.60584717791943,139.71283435821533,17
品川区,西大井,大森,東海道線,35.58843420093636,139.72789764404297,17
品川区,西大井,西大井,東海道線,35.6017647156972,139.72180366516113,58
品川区,西大井,馬込,1号線浅草線,35.59639090092428,139.71184730529785,11
品川区,豊町,下神明,大井町線,35.608708266614684,139.7263526916504,8
品川区,豊町,中延,大井町線,35.60584717791943,139.71283435821533,1
品川区,豊町,大崎,臨海副都心線,35.61945388097038,139.7283697128296,1
品川区,豊町,戸越,1号線浅草線,35.61394170068287,139.71622467041016,13
品川区,豊町,戸越公園,大井町線,35.60881293865128,139.71802711486816,20
品川区,豊町,西大井,東海道線,35.6017647156972,139.72180366516113,1
国分寺市,並木町,鷹の台,国分寺線,35.72338144638324,139.4610071182251,4
国分寺市,光町,国立,中央線,35.69923323720904,139.44615840911865,18
国分寺市,内藤,国立,中央線,35.69923323720904,139.44615840911865,6
国分寺市,南町,国分寺,国分寺線,35.70027876573161,139.48031902313232,81
国分寺市,富士本,国立,中央線,35.69923323720904,139.44615840911865,2
国分寺市,戸倉,恋ヶ窪,国分寺線,35.71090752748256,139.46418285369873,3
国分寺市,日吉町,国立,中央線,35.69923323720904,139.44615840911865,7
国分寺市,日吉町,西国分寺,武蔵野線,35.69982570505505,139.46598529815674,1
国分寺市,本多,国分寺,国分寺線,35.70027876573161,139.48031902313232,35
国分寺市,本町,国分寺,国分寺線,35.70027876573161,139.48031902313232,124
国分寺市,東元町,国分寺,国分寺線,35.70027876573161,139.48031902313232,13
国分寺市,東恋ケ窪,国分寺,国分寺線,35.70027876573161,139.48031902313232,109
国分寺市,東恋ケ窪,恋ヶ窪,国分寺線,35.71090752748256,139.46418285369873,25
国分寺市,東恋ケ窪,西国分寺,武蔵野線,35.69982570505505,139.46598529815674,48
国分寺市,東戸倉,恋ヶ窪,国分寺線,35.71090752748256,139.46418285369873,4
国分寺市,泉町,国分寺,国分寺線,35.70027876573161,139.48031902313232,4
国分寺市,泉町,西国分寺,武蔵野線,35.69982570505505,139.46598529815674,48
国分寺市,西元町,国分寺,国分寺線,35.70027876573161,139.48031902313232,6
国分寺市,西元町,西国分寺,武蔵野線,35.69982570505505,139.46598529815674,14
国分寺市,西恋ケ窪,西国分寺,武蔵野線,35.69982570505505,139.46598529815674,10
国分寺市,西町,国立,中央線,35.69923323720904,139.44615840911865,68
国立市,中,国立,中央線,35.69923323720904,139.44615840911865,68
国立市,北,国立,中央線,35.69923323720904,139.44615840911865,40
国立市,北,立川,南武線,35.69790888140008,139.41375732421875,2
国立市,北,西国立,南武線,35.69344773158659,139.42431449890137,3
国立市,富士見台,国立,中央線,35.69923323720904,139.44615840911865,19
国立市,富士見台,矢川,南武線,35.68511726043104,139.43139553070068,57
国立市,富士見台,谷保,南武線,35.68128286002356,139.44718837738037,45
国立市,東,国立,中央線,35.69923323720904,139.44615840911865,76
国立市,泉,矢川,南武線,35.68511726043104,139.43139553070068,1
国立市,矢川,矢川,南武線,35.68511726043104,139.43139553070068,2
国立市,西,国立,中央線,35.69923323720904,139.44615840911865,29
国立市,西,矢川,南武線,35.68511726043104,139.43139553070068,6
国立市,西,西国立,南武線,35.69344773158659,139.42431449890137,1
国立市,谷保,矢川,南武線,35.68511726043104,139.43139553070068,2
国立市,谷保,谷保,南武線,35.68128286002356,139.44718837738037,6
国立市,青柳,矢川,南武線,35.68511726043104,139.43139553070068,12
国立市,青柳,西国立,南武線,35.69344773158659,139.42431449890137,12
墨田区,両国,両国,総武線,35.69592230644545,139.79257106781006,128
墨田区,亀沢,両国,総武線,35.69592230644545,139.79257106781006,67
墨田区,亀沢,錦糸町,11号線半蔵門線,35.69679361734295,139.81428623199463,54
墨田区,京島,京成曳舟,押上線,35.71815518172829,139.8197364807129,79
墨田区,京島,押上,伊勢崎線,35.71031514198906,139.81329917907715,3
墨田区,京島,曳舟,亀戸線,35.71829455323473,139.8166465759277,26
墨田区,八広,京成曳舟,押上線,35.71815518172829,139.8197364807129,39
墨田区,八広,八広,押上線,35.7273531782387,139.82853412628174,58
墨田区,八広,小村井,亀戸線,35.71031514198906,139.8277187347412,9
墨田区,八広,東向島,伊勢崎線,35.72508861855118,139.81939315795898,4
墨田区,千歳,両国,総武線,35.69592230644545,139.79257106781006,22
墨田区,千歳,森下,10号線新宿線,35.68801036784549,139.79780673980713,88
墨田区,向島,とうきょうスカイツリー,伊勢崎線,35.71045452720715,139.809308052063,34
墨田区,向島,押上,伊勢崎線,35.71031514198906,139.81329917907715,125
墨田区,向島,曳舟,亀戸線,35.71829455323473,139.8166465759277,31
墨田区,向島,本所吾妻橋,1号線浅草線,35.708572806196415,139.80441570281982,10
墨田区,吾妻橋,本所吾妻橋,1号線浅草線,35.708572806196415,139.80441570281982,41
墨田区,吾妻橋,浅草,3号線銀座線,35.7105242197248,139.7975492477417,3
墨田区,堤通,曳舟,亀戸線,35.71829455323473,139.8166465759277,17
墨田区,堤通,東向島,伊勢崎線,35.72508861855118,139.81939315795898,20
墨田区,堤通,鐘ヶ淵,伊勢崎線,35.73386778323051,139.82059478759766,5
墨田区,墨田,八広,押上線,35.7273531782387,139.82853412628174,6
墨田区,墨田,東向島,伊勢崎線,35.72508861855118,139.81939315795898,22
墨田区,墨田,鐘ヶ淵,伊勢崎線,35.73386778323051,139.82059478759766,46
墨田区,太平,稲毛,総武線,35.637104256126605,140.0925064086914,1
墨田区,太平,錦糸町,11号線半蔵門線,35.69679361734295,139.81428623199463,124
墨田区,押上,とうきょうスカイツリー,伊勢崎線,35.71045452720715,139.809308052063,1
墨田区,押上,押上,伊勢崎線,35.71031514198906,139.81329917907715,61
墨田区,押上,曳舟,亀戸線,35.71829455323473,139.8166465759277,6
墨田区,文花,亀戸,亀戸線,35.69745580725804,139.8263454437256,3
墨田区,文花,京成曳舟,押上線,35.71815518172829,139.8197364807129,1
墨田区,文花,小村井,亀戸線,35.71031514198906,139.8277187347412,61
墨田区,文花,押上,伊勢崎線,35.71031514198906,139.81329917907715,11
墨田区,本所,両国,総武線,35.69592230644545,139.79257106781006,15
墨田区,本所,本所吾妻橋,1号線浅草線,35.708572806196415,139.80441570281982,47
墨田区,本所,浅草,3号線銀座線,35.7105242197248,139.7975492477417,6
墨田区,本所,蔵前,1号線浅草線,35.70313647374438,139.79076862335205,31
墨田区,本所,錦糸町,11号線半蔵門線,35.69679361734295,139.81428623199463,1
墨田区,東向島,京成曳舟,押上線,35.71815518172829,139.8197364807129,16
墨田区,東向島,八広,押上線,35.7273531782387,139.82853412628174,11
墨田区,東向島,曳舟,亀戸線,35.71829455323473,139.8166465759277,76
墨田区,東向島,東向島,伊勢崎線,35.72508861855118,139.81939315795898,127
墨田区,東墨田,八広,押上線,35.7273531782387,139.82853412628174,20
墨田区,東墨田,平井,総武線,35.70662134489369,139.84256744384766,6
墨田区,東駒形,本所吾妻橋,1号線浅草線,35.708572806196415,139.80441570281982,56
墨田区,東駒形,浅草,3号線銀座線,35.7105242197248,139.7975492477417,16
墨田区,業平,とうきょうスカイツリー,伊勢崎線,35.71045452720715,139.809308052063,13
墨田区,業平,押上,伊勢崎線,35.71031514198906,139.81329917907715,88
墨田区,業平,本所吾妻橋,1号線浅草線,35.708572806196415,139.80441570281982,3
墨田区,横川,とうきょうスカイツリー,伊勢崎線,35.71045452720715,139.809308052063,1
墨田区,横川,押上,伊勢崎線,35.71031514198906,139.81329917907715,36
墨田区,横川,錦糸町,11号線半蔵門線,35.69679361734295,139.81428623199463,21
墨田区,横網,両国,総武線,35.69592230644545,139.79257106781006,22
墨田区,横網,蔵前,1号線浅草線,35.70313647374438,139.79076862335205,1
墨田区,江東橋,住吉,11号線半蔵門線,35.68902118787065,139.8157024383545,6
墨田区,江東橋,菊川,10号線新宿線,35.68839378384561,139.80591773986816,11
墨田区,江東橋,錦糸町,11号線半蔵門線,35.69679361734295,139.81428623199463,183
墨田区,石原,両国,総武線,35.69592230644545,139.79257106781006,84
墨田区,石原,本所吾妻橋,1号線浅草線,35.708572806196415,139.80441570281982,27
墨田区,石原,錦糸町,11号線半蔵門線,35.69679361734295,139.81428623199463,27
墨田区,立川,森下,10号線新宿線,35.68801036784549,139.79780673980713,12
墨田区,立川,菊川,10号線新宿線,35.68839378384561,139.80591773986816,52
墨田区,立川,錦糸町,11号線半蔵門線,35.69679361734295,139.81428623199463,2
墨田区,立花,亀戸,亀戸線,35.69745580725804,139.8263454437256,10
墨田区,立花,亀戸水神,亀戸線,35.70003481030257,139.83346939086914,2
墨田区,立花,小村井,亀戸線,35.71031514198906,139.8277187347412,63
墨田区,立花,平井,総武線,35.70662134489369,139.84256744384766,17
墨田区,立花,東あずま,亀戸線,35.707074366954004,139.83188152313232,43
墨田区,緑,両国,総武線,35.69592230644545,139.79257106781006,108
墨田区,緑,森下,10号線新宿線,35.68801036784549,139.79780673980713,3
墨田区,緑,菊川,10号線新宿線,35.68839378384561,139.80591773986816,20
墨田区,緑,錦糸町,11号線半蔵門線,35.69679361734295,139.81428623199463,75
墨田区,菊川,森下,10号線新宿線,35.68801036784549,139.79780673980713,8
墨田区,菊川,菊川,10号線新宿線,35.68839378384561,139.80591773986816,103
墨田区,錦糸,半蔵門,11号線半蔵門線,35.68532640424424,139.74163055419922,1
墨田区,錦糸,錦糸町,11号線半蔵門線,35.69679361734295,139.81428623199463,59
多摩市,一ノ宮,聖蹟桜ヶ丘,京王線,35.650810257852086,139.4468879699707,59
多摩市,中沢,京王多摩センター,相模原線,35.62520986625084,139.4242286682129,9
多摩市,中沢,唐木田,多摩線,35.616558289323535,139.4115686416626,15
多摩市,乞田,京王多摩センター,相模原線,35.62520986625084,139.4242286682129,3
多摩市,乞田,京王永山,相模原線,35.63033757685868,139.44808959960938,13
多摩市,南野,京王多摩センター,相模原線,35.62520986625084,139.4242286682129,12
多摩市,和田,大塚・帝京大学,多摩都市モノレール線,35.6369298643683,139.41646099090576,1
多摩市,和田,聖蹟桜ヶ丘,京王線,35.650810257852086,139.4468879699707,14
多摩市,唐木田,唐木田,多摩線,35.616558289323535,139.4115686416626,12
多摩市,山王下,京王多摩センター,相模原線,35.62520986625084,139.4242286682129,4
多摩市,愛宕,京王多摩センター,相模原線,35.62520986625084,139.4242286682129,15
多摩市,愛宕,京王永山,相模原線,35.63033757685868,139.44808959960938,18
多摩市,愛宕,小田急多摩センター,多摩線,35.62493079773405,139.42431449890137,1
多摩市,愛宕,松が谷,多摩都市モノレール線,35.63183745724416,139.42203998565674,1
多摩市,永山,京王永山,相模原線,35.63033757685868,139.44808959960938,142
多摩市,永山,小田急永山,多摩線,35.63016317033629,139.44808959960938,11
多摩市,聖ケ丘,京王永山,相模原線,35.63033757685868,139.44808959960938,29
多摩市,聖ケ丘,小田急永山,多摩線,35.63016317033629,139.44808959960938,7
多摩市,落合,京王多摩センター,相模原線,35.62520986625084,139.4242286682129,168
多摩市,落合,多摩センター,多摩都市モノレール線,35.62395405025491,139.42281246185303,1
多摩市,落合,小田急多摩センター,多摩線,35.62493079773405,139.42431449890137,12
多摩市,諏訪,京王永山,相模原線,35.63033757685868,139.44808959960938,70
多摩市,諏訪,小田急永山,多摩線,35.63016317033629,139.44808959960938,52
多摩市,豊ケ丘,京王多摩センター,相模原線,35.62520986625084,139.4242286682129,103
多摩市,豊ケ丘,京王永山,相模原線,35.63033757685868,139.44808959960938,2
多摩市,豊ケ丘,小田急多摩センター,多摩線,35.62493079773405,139.42431449890137,15
多摩市,貝取,京王多摩センター,相模原線,35.62520986625084,139.4242286682129,14
多摩市,貝取,京王永山,相模原線,35.63033757685868,139.44808959960938,95
多摩市,貝取,小田急永山,多摩線,35.63016317033629,139.44808959960938,12
多摩市,連光寺,京王永山,相模原線,35.63033757685868,139.44808959960938,17
多摩市,連光寺,聖蹟桜ヶ丘,京王線,35.650810257852086,139.4468879699707,71
多摩市,関戸,京王永山,相模原線,35.63033757685868,139.44808959960938,15
多摩市,関戸,聖蹟桜ヶ丘,京王線,35.650810257852086,139.4468879699707,173
多摩市,馬引沢,京王永山,相模原線,35.63033757685868,139.44808959960938,26
多摩市,馬引沢,小田急永山,多摩線,35.63016317033629,139.44808959960938,2
多摩市,鶴牧,京王多摩センター,相模原線,35.62520986625084,139.4242286682129,139
多摩市,鶴牧,京王多摩川,相模原線,35.64488174157931,139.53709602355957,1
多摩市,鶴牧,唐木田,多摩線,35.616558289323535,139.4115686416626,34
多摩市,鶴牧,多摩センター,多摩都市モノレール線,35.62395405025491,139.42281246185303,15
多摩市,鶴牧,小田急多摩センター,多摩線,35.62493079773405,139.42431449890137,12
大田区,上池台,旗の台,大井町線,35.604870197371625,139.70279216766355,1
大田区,上池台,洗足池,池上線,35.59995022118771,139.69141960144043,31
大田区,上池台,西馬込,1号線浅草線,35.58735230784804,139.7063112258911,25
大田区,上池台,長原,池上線,35.60207875864732,139.69759941101074,109
大田区,上池台,馬込,1号線浅草線,35.59639090092428,139.71184730529785,8
大田区,下丸子,下丸子,東急多摩川線,35.571261785561944,139.6857976913452,140
大田区,下丸子,武蔵新田,東急多摩川線,35.56805027489112,139.69223499298096,79
大田区,下丸子,鵜の木,東急多摩川線,35.5754854242514,139.6805191040039,40
大田区,中央,大森,東海道線,35.58843420093636,139.72789764404297,51
大田区,中央,大森町,本線,35.57223917630145,139.7318458557129,4
大田区,中央,池上,池上線,35.57206464311538,139.70287799835205,28
大田区,中央,蒲田,東海道線,35.56253455401907,139.71601009368896,4
大田区,中央,西馬込,1号線浅草線,35.58735230784804,139.7063112258911,18
大田区,中馬込,旗の台,大井町線,35.604870197371625,139.70279216766355,2
大田区,中馬込,西馬込,1号線浅草線,35.58735230784804,139.7063112258911,42
大田区,中馬込,長原,池上線,35.60207875864732,139.69759941101074,14
大田区,中馬込,馬込,1号線浅草線,35.59639090092428,139.71184730529785,99
大田区,久が原,久が原,池上線,35.57988335677909,139.68541145324707,22
大田区,久が原,千鳥町,池上線,35.57283258628989,139.69167709350586,37
大田区,久が原,御嶽山,池上線,35.585223378762706,139.68249320983887,10
大田区,久が原,池上,池上線,35.57206464311538,139.70287799835205,28
大田区,久が原,西馬込,1号線浅草線,35.58735230784804,139.7063112258911,31
大田区,仲六郷,京急蒲田,本線,35.560858816793214,139.7237777709961,4
大田区,仲六郷,六郷土手,本線,35.54085199818326,139.70781326293945,13
大田区,仲六郷,蒲田,東海道線,35.56253455401907,139.71601009368896,14
大田区,仲六郷,雑色,本線,35.549756172717096,139.71498012542725,45
大田区,仲池上,西馬込,1号線浅草線,35.58735230784804,139.7063112258911,84
大田区,北千束,北千束,大井町線,35.60647523054374,139.69292163848877,25
大田区,北千束,大岡山,目黒線,35.6074870827355,139.68596935272217,24
大田区,北千束,旗の台,大井町線,35.604870197371625,139.70279216766355,2
大田区,北千束,洗足,目黒線,35.61045278267899,139.69446659088135,26
大田区,北嶺町,御嶽山,池上線,35.585223378762706,139.68249320983887,28
大田区,北嶺町,雪が谷大塚,池上線,35.59213346684348,139.68099117279053,13
大田区,北糀谷,京急蒲田,本線,35.560858816793214,139.7237777709961,12
大田区,北糀谷,大鳥居,空港線,35.5523399441562,139.74008560180664,3
大田区,北糀谷,梅屋敷,本線,35.56693319752662,139.7282838821411,14
大田区,北馬込,旗の台,大井町線,35.604870197371625,139.70279216766355,4
大田区,北馬込,荏原町,大井町線,35.603893204894874,139.70738410949707,13
大田区,北馬込,長原,池上線,35.60207875864732,139.69759941101074,4
大田区,北馬込,馬込,1号線浅草線,35.59639090092428,139.71184730529785,30
大田区,千鳥,下丸子,東急多摩川線,35.571261785561944,139.6857976913452,3
大田区,千鳥,千鳥町,池上線,35.57283258628989,139.69167709350586,70
大田区,千鳥,武蔵新田,東急多摩川線,35.56805027489112,139.69223499298096,6
大田区,南久が原,下丸子,東急多摩川線,35.571261785561944,139.6857976913452,3
大田区,南久が原,久が原,池上線,35.57988335677909,139.68541145324707,33
大田区,南六郷,六郷土手,本線,35.54085199818326,139.70781326293945,9
大田区,南六郷,雑色,本線,35.549756172717096,139.71498012542725,60
大田区,南千束,北千束,大井町線,35.60647523054374,139.69292163848877,12
大田区,南千束,大岡山,目黒線,35.6074870827355,139.68596935272217,6
大田区,南千束,洗足池,池上線,35.59995022118771,139.69141960144043,5
大田区,南千束,石川台,池上線,35.59698413196048,139.68519687652588,5
大田区,南千束,長原,池上線,35.60207875864732,139.69759941101074,9
大田区,南蒲田,京急蒲田,本線,35.560858816793214,139.7237777709961,22
大田区,南蒲田,糀谷,空港線,35.55467923295802,139.7294855117798,17
大田区,南雪谷,御嶽山,池上線,35.585223378762706,139.68249320983887,13
大田区,南雪谷,石川台,池上線,35.59698413196048,139.68519687652588,21
大田区,南雪谷,雪が谷大塚,池上線,35.59213346684348,139.68099117279053,51
大田区,南馬込,大森,東海道線,35.58843420093636,139.72789764404297,18
大田区,南馬込,西馬込,1号線浅草線,35.58735230784804,139.7063112258911,79
大田区,南馬込,馬込,1号線浅草線,35.59639090092428,139.71184730529785,37
大田区,多摩川,矢口渡,東急多摩川線,35.56263928643229,139.7000026702881,87
大田区,大森中,大森町,本線,35.57223917630145,139.7318458557129,19
大田区,大森中,梅屋敷,本線,35.56693319752662,139.7282838821411,9
大田区,大森北,大森,東海道線,35.58843420093636,139.72789764404297,172
大田区,大森北,大森海岸,本線,35.58763150746391,139.7353219985962,27
大田区,大森北,平和島,本線,35.57859192544625,139.73497867584229,16
大田区,大森北,昭和島,東京モノレール羽田線,35.5706683639382,139.74982738494873,1
大田区,大森南,大森,東海道線,35.58843420093636,139.72789764404297,4
大田区,大森南,大森町,本線,35.57223917630145,139.7318458557129,1
大田区,大森南,大鳥居,空港線,35.5523399441562,139.74008560180664,26
大田区,大森南,昭和島,東京モノレール羽田線,35.5706683639382,139.74982738494873,19
大田区,大森南,梅屋敷,本線,35.56693319752662,139.7282838821411,13
大田区,大森南,穴守稲荷,空港線,35.55034974919867,139.74682331085205,4
大田区,大森南,蒲田,東海道線,35.56253455401907,139.71601009368896,1
大田区,大森本町,大森,東海道線,35.58843420093636,139.72789764404297,1
大田区,大森本町,大森海岸,本線,35.58763150746391,139.7353219985962,71
大田区,大森本町,平和島,本線,35.57859192544625,139.73497867584229,24
大田区,大森東,大森町,本線,35.57223917630145,139.7318458557129,18
大田区,大森東,平和島,本線,35.57859192544625,139.73497867584229,7
大田区,大森東,梅屋敷,本線,35.56693319752662,139.7282838821411,1
大田区,大森西,大森,東海道線,35.58843420093636,139.72789764404297,16
大田区,大森西,大森町,本線,35.57223917630145,139.7318458557129,103
大田区,大森西,平和島,本線,35.57859192544625,139.73497867584229,58
大田区,大森西,梅屋敷,本線,35.56693319752662,139.7282838821411,27
大田区,大森西,蒲田,東海道線,35.56253455401907,139.71601009368896,23
大田区,山王,大森,東海道線,35.58843420093636,139.72789764404297,196
大田区,新蒲田,矢口渡,東急多摩川線,35.56263928643229,139.7000026702881,10
大田区,新蒲田,蒲田,東海道線,35.56253455401907,139.71601009368896,18
大田区,新蒲田,蓮沼,池上線,35.5643498964733,139.70845699310303,1
大田区,本羽田,大鳥居,空港線,35.5523399441562,139.74008560180664,21
大田区,本羽田,糀谷,空港線,35.55467923295802,139.7294855117798,36
大田区,東六郷,京急蒲田,本線,35.560858816793214,139.7237777709961,2
大田区,東六郷,六郷土手,本線,35.54085199818326,139.70781326293945,7
大田区,東六郷,雑色,本線,35.549756172717096,139.71498012542725,51
大田区,東嶺町,久が原,池上線,35.57988335677909,139.68541145324707,5
大田区,東嶺町,御嶽山,池上線,35.585223378762706,139.68249320983887,3
大田区,東矢口,武蔵新田,東急多摩川線,35.56805027489112,139.69223499298096,1
大田区,東矢口,池上,池上線,35.57206464311538,139.70287799835205,3
大田区,東矢口,矢口渡,東急多摩川線,35.56263928643229,139.7000026702881,11
大田区,東矢口,蒲田,東海道線,35.56253455401907,139.71601009368896,3
大田区,東矢口,蓮沼,池上線,35.5643498964733,139.70845699310303,24
大田区,東糀谷,大鳥居,空港線,35.5523399441562,139.74008560180664,44
大田区,東糀谷,穴守稲荷,空港線,35.55034974919867,139.74682331085205,1
大田区,東蒲田,京急蒲田,本線,35.560858816793214,139.7237777709961,1
大田区,東蒲田,梅屋敷,本線,35.56693319752662,139.7282838821411,4
大田区,東雪谷,御嶽山,池上線,35.585223378762706,139.68249320983887,1
大田区,東雪谷,洗足池,池上線,35.59995022118771,139.69141960144043,53
大田区,東雪谷,石川台,池上線,35.59698413196048,139.68519687652588,56
大田区,東雪谷,西馬込,1号線浅草線,35.58735230784804,139.7063112258911,6
大田区,東雪谷,雪が谷大塚,池上線,35.59213346684348,139.68099117279053,1
大田区,東馬込,大森,東海道線,35.58843420093636,139.72789764404297,2
大田区,東馬込,馬込,1号線浅草線,35.59639090092428,139.71184730529785,36
大田区,池上,千鳥町,池上線,35.57283258628989,139.69167709350586,1
大田区,池上,大鳥居,空港線,35.5523399441562,139.74008560180664,1
大田区,池上,武蔵新田,東急多摩川線,35.56805027489112,139.69223499298096,2
大田区,池上,池上,池上線,35.57206464311538,139.70287799835205,151
大田区,池上,矢口渡,東急多摩川線,35.56263928643229,139.7000026702881,4
大田区,池上,西馬込,1号線浅草線,35.58735230784804,139.7063112258911,6
大田区,田園調布,多摩川,東横線,35.58944628123571,139.66876029968262,64
大田区,田園調布,田園調布,東横線,35.596739860889826,139.66725826263428,42
大田区,田園調布,雪が谷大塚,池上線,35.59213346684348,139.68099117279053,7
大田区,田園調布南,沼部,東急多摩川線,35.58278027563934,139.67305183410645,45
大田区,田園調布南,鵜の木,東急多摩川線,35.5754854242514,139.6805191040039,1
大田区,田園調布本町,多摩川,東横線,35.58944628123571,139.66876029968262,25
大田区,田園調布本町,御嶽山,池上線,35.585223378762706,139.68249320983887,9
大田区,田園調布本町,沼部,東急多摩川線,35.58278027563934,139.67305183410645,23
大田区,田園調布本町,雪が谷大塚,池上線,35.59213346684348,139.68099117279053,5
大田区,矢口,武蔵新田,東急多摩川線,35.56805027489112,139.69223499298096,66
大田区,矢口,矢口渡,東急多摩川線,35.56263928643229,139.7000026702881,64
大田区,矢口,蓮沼,池上線,35.5643498964733,139.70845699310303,1
大田区,石川町,大岡山,目黒線,35.6074870827355,139.68596935272217,3
大田区,石川町,石川台,池上線,35.59698413196048,139.68519687652588,41
大田区,石川町,緑が丘,大井町線,35.60654501386435,139.67901706695557,4
大田区,石川町,雪が谷大塚,池上線,35.59213346684348,139.68099117279053,16
大田区,羽田,大鳥居,空港線,35.5523399441562,139.74008560180664,18
大田区,羽田,天空橋,空港線,35.54835950483799,139.75411891937256,7
大田区,羽田,穴守稲荷,空港線,35.55034974919867,139.74682331085205,18
大田区,羽田旭町,穴守稲荷,空港線,35.55034974919867,139.74682331085205,3
大田区,萩中,大鳥居,空港線,35.5523399441562,139.74008560180664,6
大田区,萩中,糀谷,空港線,35.55467923295802,139.7294855117798,43
大田区,蒲田,京急蒲田,本線,35.560858816793214,139.7237777709961,86
大田区,蒲田,梅屋敷,本線,35.56693319752662,139.7282838821411,6
大田区,蒲田,蒲田,東海道線,35.56253455401907,139.71601009368896,144
大田区,蒲田本町,京急蒲田,本線,35.560858816793214,139.7237777709961,5
大田区,蒲田本町,糀谷,空港線,35.55467923295802,139.7294855117798,1
大田区,蒲田本町,蒲田,東海道線,35.56253455401907,139.71601009368896,19
大田区,西六郷,六郷土手,本線,35.54085199818326,139.70781326293945,141
大田区,西六郷,矢口渡,東急多摩川線,35.56263928643229,139.7000026702881,1
大田区,西六郷,蒲田,東海道線,35.56253455401907,139.71601009368896,16
大田区,西六郷,雑色,本線,35.549756172717096,139.71498012542725,11
大田区,西嶺町,久が原,池上線,35.57988335677909,139.68541145324707,4
大田区,西嶺町,御嶽山,池上線,35.585223378762706,139.68249320983887,2
大田区,西嶺町,沼部,東急多摩川線,35.58278027563934,139.67305183410645,3
大田区,西嶺町,鵜の木,東急多摩川線,35.5754854242514,139.6805191040039,2
大田区,西糀谷,京急蒲田,本線,35.560858816793214,139.7237777709961,4
大田区,西糀谷,大鳥居,空港線,35.5523399441562,139.74008560180664,26
大田区,西糀谷,糀谷,空港線,35.55467923295802,139.7294855117798,42
大田区,西蒲田,池上,池上線,35.57206464311538,139.70287799835205,15
大田区,西蒲田,蒲田,東海道線,35.56253455401907,139.71601009368896,113
大田区,西蒲田,蓮沼,池上線,35.5643498964733,139.70845699310303,28
大田区,西馬込,西馬込,1号線浅草線,35.58735230784804,139.7063112258911,36
大田区,雪谷大塚町,雪が谷大塚,池上線,35.59213346684348,139.68099117279053,24
大田区,鵜の木,久が原,池上線,35.57988335677909,139.68541145324707,28
大田区,鵜の木,鵜の木,東急多摩川線,35.5754854242514,139.6805191040039,132
小平市,たかの台,鷹の台,国分寺線,35.72338144638324,139.4610071182251,11
小平市,上水南町,国分寺,国分寺線,35.70027876573161,139.48031902313232,12
小平市,上水南町,武蔵小金井,中央線,35.70108032831463,139.50649738311768,6
小平市,上水本町,一橋学園,多摩湖線,35.722057491760424,139.4800615310669,41
小平市,上水本町,国分寺,国分寺線,35.70027876573161,139.48031902313232,15
小平市,上水本町,恋ヶ窪,国分寺線,35.71090752748256,139.46418285369873,6
小平市,上水本町,鷹の台,国分寺線,35.72338144638324,139.4610071182251,1
小平市,仲町,小平,新宿線,35.73693329531173,139.48843002319336,10
小平市,喜平町,一橋学園,多摩湖線,35.722057491760424,139.4800615310669,22
小平市,回田町,一橋学園,多摩湖線,35.722057491760424,139.4800615310669,2
小平市,回田町,武蔵小金井,中央線,35.70108032831463,139.50649738311768,15
小平市,大沼町,小平,新宿線,35.73693329531173,139.48843002319336,18
小平市,大沼町,花小金井,新宿線,35.726168647355294,139.51327800750732,1
小平市,天神町,小平,新宿線,35.73693329531173,139.48843002319336,15
小平市,天神町,花小金井,新宿線,35.726168647355294,139.51327800750732,15
小平市,学園東町,一橋学園,多摩湖線,35.722057491760424,139.4800615310669,25
小平市,学園西町,一橋学園,多摩湖線,35.722057491760424,139.4800615310669,51
小平市,小川東町,久米川,新宿線,35.74964694346383,139.47259426116943,1
小平市,小川東町,八坂,多摩湖線,35.74522352087439,139.46735858917236,2
小平市,小川東町,小川,国分寺線,35.73745581400792,139.46349620819092,9
小平市,小川東町,小平,新宿線,35.73693329531173,139.48843002319336,1
小平市,小川東町,新小平,武蔵野線,35.73080215314097,139.47044849395752,4
小平市,小川東町,青梅街道,多摩湖線,35.730906665200536,139.4765853881836,9
小平市,小川町,新小平,武蔵野線,35.73080215314097,139.47044849395752,5
小平市,小川町,東大和市,拝島線,35.73289236827503,139.43461418151855,33
小平市,小川町,鷹の台,国分寺線,35.72338144638324,139.4610071182251,6
小平市,御幸町,武蔵小金井,中央線,35.70108032831463,139.50649738311768,5
小平市,栄町,小川,国分寺線,35.73745581400792,139.46349620819092,6
小平市,栄町,東大和市,拝島線,35.73289236827503,139.43461418151855,4
小平市,津田町,鷹の台,国分寺線,35.72338144638324,139.4610071182251,1
小平市,美園町,小平,新宿線,35.73693329531173,139.48843002319336,20
小平市,花小金井,花小金井,新宿線,35.726168647355294,139.51327800750732,65
小平市,花小金井南町,花小金井,新宿線,35.726168647355294,139.51327800750732,198
小平市,鈴木町,一橋学園,多摩湖線,35.722057491760424,139.4800615310669,24
小平市,鈴木町,小平,新宿線,35.73693329531173,139.48843002319336,11
小平市,鈴木町,武蔵小金井,中央線,35.70108032831463,139.50649738311768,1
小平市,鈴木町,花小金井,新宿線,35.726168647355294,139.51327800750732,58
小金井市,中町,新小金井,多摩川線,35.69588745381154,139.5265817642212,1
小金井市,中町,東小金井,中央線,35.701603082179574,139.52370643615723,16
小金井市,中町,武蔵小金井,中央線,35.70108032831463,139.50649738311768,26
小金井市,前原町,武蔵小金井,中央線,35.70108032831463,139.50649738311768,44
小金井市,本町,武蔵小金井,中央線,35.70108032831463,139.50649738311768,251
小金井市,東町,東小金井,中央線,35.701603082179574,139.52370643615723,13
小金井市,桜町,武蔵小金井,中央線,35.70108032831463,139.50649738311768,28
小金井市,梶野町,東小金井,中央線,35.701603082179574,139.52370643615723,22
小金井市,緑町,東小金井,中央線,35.701603082179574,139.52370643615723,29
小金井市,緑町,武蔵小金井,中央線,35.70108032831463,139.50649738311768,56
小金井市,貫井北町,国分寺,国分寺線,35.70027876573161,139.48031902313232,6
小金井市,貫井北町,武蔵小金井,中央線,35.70108032831463,139.50649738311768,8
小金井市,貫井南町,国分寺,国分寺線,35.70027876573161,139.48031902313232,3
小金井市,貫井南町,武蔵小金井,中央線,35.70108032831463,139.50649738311768,42
府中市,住吉町,中河原,京王線,35.6596324703837,139.45783138275146,114
府中市,八幡町,府中,京王線,35.67225386224956,139.4802761077881,48
府中市,八幡町,府中競馬正門前,競馬場線,35.6682096555907,139.48461055755615,1
府中市,八幡町,東府中,競馬場線,35.66869776037002,139.49551105499268,19
府中市,分梅町,中河原,京王線,35.6596324703837,139.45783138275146,2
府中市,分梅町,分倍河原,南武線,35.668453708353425,139.468731880188,5
府中市,分梅町,西府,南武線,35.67096392203554,139.45735931396484,2
府中市,北山町,国立,中央線,35.69923323720904,139.44615840911865,4
府中市,南町,中河原,京王線,35.6596324703837,139.45783138275146,14
府中市,南町,分倍河原,南武線,35.668453708353425,139.468731880188,1
府中市,南町,府中本町,南武線,35.66643153437036,139.4770574569702,1
府中市,四谷,中河原,京王線,35.6596324703837,139.45783138275146,32
府中市,四谷,聖蹟桜ヶ丘,京王線,35.650810257852086,139.4468879699707,13
府中市,天神町,府中,京王線,35.67225386224956,139.4802761077881,29
府中市,宮町,府中,京王線,35.67225386224956,139.4802761077881,87
府中市,宮西町,府中,京王線,35.67225386224956,139.4802761077881,152
府中市,宮西町,府中本町,南武線,35.66643153437036,139.4770574569702,1
府中市,寿町,府中,京王線,35.67225386224956,139.4802761077881,46
府中市,小柳町,多磨霊園,京王線,35.66608287850653,139.50302124023438,5
府中市,小柳町,武蔵野台,京王線,35.66420011053063,139.5112180709839,4
府中市,小柳町,競艇場前,多摩川線,35.656250156262914,139.49963092803955,2
府中市,幸町,北府中,武蔵野線,35.68079483220707,139.4717788696289,1
府中市,幸町,府中,京王線,35.67225386224956,139.4802761077881,17
府中市,府中町,府中,京王線,35.67225386224956,139.4802761077881,93
府中市,押立町,武蔵野台,京王線,35.66420011053063,139.5112180709839,95
府中市,押立町,競艇場前,多摩川線,35.656250156262914,139.49963092803955,1
府中市,押立町,飛田給,京王線,35.66001602273505,139.52362060546875,4
府中市,新町,国分寺,国分寺線,35.70027876573161,139.48031902313232,4
府中市,新町,府中,京王線,35.67225386224956,139.4802761077881,10
府中市,新町,武蔵小金井,中央線,35.70108032831463,139.50649738311768,1
府中市,日新町,中河原,京王線,35.6596324703837,139.45783138275146,2
府中市,日鋼町,分倍河原,南武線,35.668453708353425,139.468731880188,11
府中市,日鋼町,北府中,武蔵野線,35.68079483220707,139.4717788696289,9
府中市,日鋼町,府中,京王線,35.67225386224956,139.4802761077881,2
府中市,是政,多磨霊園,京王線,35.66608287850653,139.50302124023438,1
府中市,是政,是政,多摩川線,35.656319896144765,139.4888162612915,62
府中市,是政,競艇場前,多摩川線,35.656250156262914,139.49963092803955,2
府中市,晴見町,北府中,武蔵野線,35.68079483220707,139.4717788696289,7
府中市,晴見町,府中,京王線,35.67225386224956,139.4802761077881,25
府中市,朝日町,多磨,多摩川線,35.676890502219365,139.51714038848877,8
府中市,朝日町,武蔵野台,京王線,35.66420011053063,139.5112180709839,1
府中市,本宿町,分倍河原,南武線,35.668453708353425,139.468731880188,11
府中市,本宿町,西府,南武線,35.67096392203554,139.45735931396484,15
府中市,本町,分倍河原,南武線,35.668453708353425,139.468731880188,1
府中市,本町,府中,京王線,35.67225386224956,139.4802761077881,7
府中市,本町,府中本町,南武線,35.66643153437036,139.4770574569702,37
府中市,東芝町,分倍河原,南武線,35.668453708353425,139.468731880188,13
府中市,東芝町,西府,南武線,35.67096392203554,139.45735931396484,26
府中市,栄町,北府中,武蔵野線,35.68079483220707,139.4717788696289,13
府中市,栄町,国分寺,国分寺線,35.70027876573161,139.48031902313232,2
府中市,栄町,府中,京王線,35.67225386224956,139.4802761077881,1
府中市,栄町,西国分寺,武蔵野線,35.69982570505505,139.46598529815674,1
府中市,武蔵台,北府中,武蔵野線,35.68079483220707,139.4717788696289,1
府中市,武蔵台,西国分寺,武蔵野線,35.69982570505505,139.46598529815674,20
府中市,浅間町,府中,京王線,35.67225386224956,139.4802761077881,1
府中市,浅間町,東府中,競馬場線,35.66869776037002,139.49551105499268,7
府中市,浅間町,武蔵小金井,中央線,35.70108032831463,139.50649738311768,36
府中市,清水が丘,東府中,競馬場線,35.66869776037002,139.49551105499268,15
府中市,片町,分倍河原,南武線,35.668453708353425,139.468731880188,2
府中市,片町,府中,京王線,35.67225386224956,139.4802761077881,8
府中市,白糸台,多磨霊園,京王線,35.66608287850653,139.50302124023438,18
府中市,白糸台,武蔵野台,京王線,35.66420011053063,139.5112180709839,78
府中市,白糸台,白糸台,多摩川線,35.66646639987299,139.50950145721436,15
府中市,白糸台,飛田給,京王線,35.66001602273505,139.52362060546875,30
府中市,矢崎町,府中本町,南武線,35.66643153437036,139.4770574569702,20
府中市,紅葉丘,多磨,多摩川線,35.676890502219365,139.51714038848877,11
府中市,紅葉丘,多磨霊園,京王線,35.66608287850653,139.50302124023438,2
府中市,紅葉丘,白糸台,多摩川線,35.66646639987299,139.50950145721436,1
府中市,緑町,府中,京王線,35.67225386224956,139.4802761077881,34
府中市,緑町,東府中,競馬場線,35.66869776037002,139.49551105499268,48
府中市,美好町,分倍河原,南武線,35.668453708353425,139.468731880188,35
府中市,美好町,府中,京王線,35.67225386224956,139.4802761077881,14
府中市,若松町,多磨霊園,京王線,35.66608287850653,139.50302124023438,2
府中市,若松町,東府中,競馬場線,35.66869776037002,139.49551105499268,68
府中市,西原町,北府中,武蔵野線,35.68079483220707,139.4717788696289,2
府中市,西原町,府中,京王線,35.67225386224956,139.4802761077881,1
府中市,西府町,西府,南武線,35.67096392203554,139.45735931396484,23
文京区,千石,千石,6号線三田線,35.728049952883055,139.74489212036133,170
文京区,千石,巣鴨,山手線,35.733484585922795,139.73944187164307,12
文京区,千石,新大塚,4号線丸ノ内線,35.72582025256678,139.72987174987793,13
文京区,千石,茗荷谷,4号線丸ノ内線,35.71707504428801,139.73703861236572,34
文京区,千駄木,千駄木,9号線千代田線,35.72536733706376,139.76321697235107,161
文京区,千駄木,本駒込,7号線南北線,35.7244963384741,139.75377559661865,11
文京区,千駄木,東大前,7号線南北線,35.71791128100547,139.75793838500977,2
文京区,千駄木,根津,9号線千代田線,35.717423477320125,139.76562023162842,1
文京区,千駄木,田端,山手線,35.738152500269095,139.76072788238525,17
文京区,千駄木,西日暮里,9号線千代田線,35.73202145196926,139.76690769195557,41
文京区,向丘,本駒込,7号線南北線,35.7244963384741,139.75377559661865,23
文京区,向丘,東大前,7号線南北線,35.71791128100547,139.75793838500977,41
文京区,向丘,白山,6号線三田線,35.72104709053539,139.75205898284912,9
文京区,大塚,大塚,山手線,35.73184726756523,139.72806930541992,1
文京区,大塚,新大塚,4号線丸ノ内線,35.72582025256678,139.72987174987793,72
文京区,大塚,東池袋,8号線有楽町線,35.726133807945004,139.7188425064087,12
文京区,大塚,茗荷谷,4号線丸ノ内線,35.71707504428801,139.73703861236572,84
文京区,大塚,護国寺,8号線有楽町線,35.71916561962691,139.7273826599121,52
文京区,小日向,江戸川橋,8号線有楽町線,35.70972275209277,139.73321914672852,13
文京区,小日向,茗荷谷,4号線丸ノ内線,35.71707504428801,139.73703861236572,58
文京区,小石川,後楽園,4号線丸ノ内線,35.70738799610298,139.75150108337402,123
文京区,小石川,春日,6号線三田線,35.70958336559498,139.7532606124878,230
文京区,小石川,茗荷谷,4号線丸ノ内線,35.71707504428801,139.73703861236572,141
文京区,弥生,東大前,7号線南北線,35.71791128100547,139.75793838500977,1
文京区,弥生,根津,9号線千代田線,35.717423477320125,139.76562023162842,18
文京区,後楽,後楽園,4号線丸ノ内線,35.70738799610298,139.75150108337402,7
文京区,後楽,水道橋,6号線三田線,35.70345011838589,139.75510597229004,15
文京区,後楽,飯田橋,5号線東西線,35.70212583261713,139.74510669708252,11
文京区,春日,後楽園,4号線丸ノ内線,35.70738799610298,139.75150108337402,56
文京区,春日,春日,6号線三田線,35.70958336559498,139.7532606124878,10
文京区,春日,茗荷谷,4号線丸ノ内線,35.71707504428801,139.73703861236572,17
文京区,春日,飯田橋,5号線東西線,35.70212583261713,139.74510669708252,6
文京区,本郷,後楽園,4号線丸ノ内線,35.70738799610298,139.75150108337402,3
文京区,本郷,御茶ノ水,総武線,35.699721152225635,139.76441860198975,16
文京区,本郷,春日,6号線三田線,35.70958336559498,139.7532606124878,116
文京区,本郷,本郷三丁目,4号線丸ノ内線,35.70662134489369,139.75991249084473,215
文京区,本郷,東大前,7号線南北線,35.71791128100547,139.75793838500977,24
文京区,本郷,水道橋,6号線三田線,35.70345011838589,139.75510597229004,40
文京区,本郷,茗荷谷,4号線丸ノ内線,35.71707504428801,139.73703861236572,1
文京区,本駒込,千石,6号線三田線,35.728049952883055,139.74489212036133,33
文京区,本駒込,千駄木,9号線千代田線,35.72536733706376,139.76321697235107,1
文京区,本駒込,巣鴨,山手線,35.733484585922795,139.73944187164307,7
文京区,本駒込,本駒込,7号線南北線,35.7244963384741,139.75377559661865,104
文京区,本駒込,田端,山手線,35.738152500269095,139.76072788238525,16
文京区,本駒込,白山,6号線三田線,35.72104709053539,139.75205898284912,22
文京区,本駒込,駒込,7号線南北線,35.73655011275528,139.7468662261963,131
文京区,根津,千駄木,9号線千代田線,35.72536733706376,139.76321697235107,3
文京区,根津,根津,9号線千代田線,35.717423477320125,139.76562023162842,97
文京区,水道,後楽園,4号線丸ノ内線,35.70738799610298,139.75150108337402,10
文京区,水道,江戸川橋,8号線有楽町線,35.70972275209277,139.73321914672852,98
文京区,水道,飯田橋,5号線東西線,35.70212583261713,139.74510669708252,25
文京区,湯島,御茶ノ水,総武線,35.699721152225635,139.76441860198975,82
文京区,湯島,末広町,3号線銀座線,35.7028576774716,139.77171421051025,3
文京区,湯島,本郷三丁目,4号線丸ノ内線,35.70662134489369,139.75991249084473,12
文京区,湯島,湯島,9号線千代田線,35.707039519194595,139.76995468139648,152
文京区,白山,千石,6号線三田線,35.728049952883055,139.74489212036133,24
文京区,白山,春日,6号線三田線,35.70958336559498,139.7532606124878,41
文京区,白山,白山,6号線三田線,35.72104709053539,139.75205898284912,131
文京区,白山,茗荷谷,4号線丸ノ内線,35.71707504428801,139.73703861236572,6
文京区,目白台,早稲田,荒川線,35.71184836598174,139.7189712524414,4
文京区,目白台,目白,山手線,35.72122129855735,139.70661163330078,1
文京区,目白台,護国寺,8号線有楽町線,35.71916561962691,139.7273826599121,28
文京区,目白台,鬼子母神前,荒川線,35.720210886727784,139.71485137939453,24
文京区,西片,後楽園,4号線丸ノ内線,35.70738799610298,139.75150108337402,1
文京区,西片,春日,6号線三田線,35.70958336559498,139.7532606124878,62
文京区,西片,東大前,7号線南北線,35.71791128100547,139.75793838500977,12
文京区,関口,早稲田,5号線東西線,35.705819838018655,139.72107410430908,4
文京区,関口,早稲田,荒川線,35.71184836598174,139.7189712524414,1
文京区,関口,江戸川橋,8号線有楽町線,35.70972275209277,139.73321914672852,140
文京区,関口,神楽坂,5号線東西線,35.70386830932186,139.7343349456787,1
文京区,関口,護国寺,8号線有楽町線,35.71916561962691,139.7273826599121,4
文京区,音羽,江戸川橋,8号線有楽町線,35.70972275209277,139.73321914672852,49
文京区,音羽,護国寺,8号線有楽町線,35.71916561962691,139.7273826599121,127
新宿区,上落合,下落合,新宿線,35.71585551667758,139.6949815750122,39
新宿区,上落合,中井,新宿線,35.71505410265722,139.6871280670166,37
新宿区,上落合,東中野,中央線,35.7063077127284,139.68378067016602,2
新宿区,上落合,落合,5号線東西線,35.710593912181494,139.6855401992798,40
新宿区,上落合,高田馬場,新宿線,35.71341640546666,139.70412254333496,1
新宿区,下宮比町,飯田橋,5号線東西線,35.70212583261713,139.74510669708252,9
新宿区,下落合,下落合,新宿線,35.71585551667758,139.6949815750122,25
新宿区,下落合,椎名町,池袋線,35.72644736208902,139.69506740570068,2
新宿区,下落合,目白,山手線,35.72122129855735,139.70661163330078,95
新宿区,下落合,高田馬場,新宿線,35.71341640546666,139.70412254333496,73
新宿区,中井,中井,新宿線,35.71505410265722,139.6871280670166,17
新宿区,中町,牛込神楽坂,12号線大江戸線,35.700522720414256,139.7348928451538,6
新宿区,中町,飯田橋,5号線東西線,35.70212583261713,139.74510669708252,1
新宿区,中落合,下落合,新宿線,35.71585551667758,139.6949815750122,81
新宿区,中落合,中井,新宿線,35.71505410265722,139.6871280670166,29
新宿区,中落合,椎名町,池袋線,35.72644736208902,139.69506740570068,15
新宿区,中落合,目白,山手線,35.72122129855735,139.70661163330078,1
新宿区,中落合,落合南長崎,12号線大江戸線,35.72331176510953,139.68356609344482,49
新宿区,中落合,高田馬場,新宿線,35.71341640546666,139.70412254333496,1
新宿区,中里町,神楽坂,5号線東西線,35.70386830932186,139.7343349456787,21
新宿区,二十騎町,牛込柳町,12号線大江戸線,35.69951204615552,139.72527980804443,6
新宿区,二十騎町,牛込神楽坂,12号線大江戸線,35.700522720414256,139.7348928451538,4
新宿区,住吉町,四谷三丁目,4号線丸ノ内線,35.687975511754104,139.72060203552246,1
新宿区,住吉町,曙橋,10号線新宿線,35.69240211350002,139.7224473953247,41
新宿区,余丁町,曙橋,10号線新宿線,35.69240211350002,139.7224473953247,1
新宿区,余丁町,東新宿,13号線副都心線,35.69794373315055,139.7074270248413,1
新宿区,余丁町,若松河田,12号線大江戸線,35.6991635348201,139.7179412841797,46
新宿区,信濃町,信濃町,中央線,35.68006278488559,139.72051620483398,2
新宿区,内藤町,千駄ヶ谷,中央線,35.68096912819847,139.71137523651123,1
新宿区,内藤町,四谷三丁目,4号線丸ノ内線,35.687975511754104,139.72060203552246,18
新宿区,内藤町,国立競技場,12号線大江戸線,35.67999306574279,139.7143793106079,1
新宿区,内藤町,新宿御苑前,4号線丸ノ内線,35.688637774886175,139.71068859100342,16
新宿区,北山伏町,牛込柳町,12号線大江戸線,35.69951204615552,139.72527980804443,2
新宿区,北山伏町,牛込神楽坂,12号線大江戸線,35.700522720414256,139.7348928451538,10
新宿区,北新宿,中野坂上,4号線丸ノ内線分岐線,35.69707243481953,139.68214988708496,26
新宿区,北新宿,大久保,中央線,35.700522720414256,139.69747066497803,166
新宿区,北新宿,新大久保,山手線,35.70087122580895,139.70021724700928,10
新宿区,北新宿,新宿,小田原線,35.690380546329266,139.7000026702881,5
新宿区,北新宿,新宿西口,12号線大江戸線,35.69358714629573,139.69910144805908,1
新宿区,北新宿,東中野,中央線,35.7063077127284,139.68378067016602,50
新宿区,北新宿,落合,5号線東西線,35.710593912181494,139.6855401992798,5
新宿区,北新宿,西新宿,4号線丸ノ内線,35.69435392283978,139.69292163848877,64
新宿区,北町,牛込神楽坂,12号線大江戸線,35.700522720414256,139.7348928451538,23
新宿区,北町,神楽坂,5号線東西線,35.70386830932186,139.7343349456787,2
新宿区,南元町,信濃町,中央線,35.68006278488559,139.72051620483398,57
新宿区,南元町,四ツ谷,4号線丸ノ内線,35.685396118726786,139.7303867340088,14
新宿区,南山伏町,牛込柳町,12号線大江戸線,35.69951204615552,139.72527980804443,4
新宿区,南山伏町,牛込神楽坂,12号線大江戸線,35.700522720414256,139.7348928451538,9
新宿区,南榎町,牛込柳町,12号線大江戸線,35.69951204615552,139.72527980804443,1
新宿区,南榎町,牛込神楽坂,12号線大江戸線,35.700522720414256,139.7348928451538,1
新宿区,南榎町,神楽坂,5号線東西線,35.70386830932186,139.7343349456787,8
新宿区,南町,四谷三丁目,4号線丸ノ内線,35.687975511754104,139.72060203552246,1
新宿区,南町,牛込神楽坂,12号線大江戸線,35.700522720414256,139.7348928451538,16
新宿区,原町,早稲田,5号線東西線,35.705819838018655,139.72107410430908,4
新宿区,原町,牛込柳町,12号線大江戸線,35.69951204615552,139.72527980804443,67
新宿区,原町,若松河田,12号線大江戸線,35.6991635348201,139.7179412841797,18
新宿区,喜久井町,早稲田,5号線東西線,35.705819838018655,139.72107410430908,14
新宿区,四谷,四ツ谷,4号線丸ノ内線,35.685396118726786,139.7303867340088,8
新宿区,四谷,四谷三丁目,4号線丸ノ内線,35.687975511754104,139.72060203552246,55
新宿区,四谷,新宿御苑前,4号線丸ノ内線,35.688637774886175,139.71068859100342,44
新宿区,四谷,曙橋,10号線新宿線,35.69240211350002,139.7224473953247,2
新宿区,四谷三栄町,四ツ谷,4号線丸ノ内線,35.685396118726786,139.7303867340088,11
新宿区,四谷三栄町,四谷三丁目,4号線丸ノ内線,35.687975511754104,139.72060203552246,44
新宿区,四谷坂町,四ツ谷,4号線丸ノ内線,35.685396118726786,139.7303867340088,11
新宿区,四谷坂町,市ヶ谷,中央線,35.69100793472752,139.73553657531738,2
新宿区,四谷坂町,曙橋,10号線新宿線,35.69240211350002,139.7224473953247,39
新宿区,四谷本塩町,四ツ谷,4号線丸ノ内線,35.685396118726786,139.7303867340088,9
新宿区,四谷本塩町,市ヶ谷,中央線,35.69100793472752,139.73553657531738,3
新宿区,大久保,大久保,中央線,35.700522720414256,139.69747066497803,1
新宿区,大久保,新大久保,山手線,35.70087122580895,139.70021724700928,26
新宿区,大久保,東新宿,13号線副都心線,35.69794373315055,139.7074270248413,60
新宿区,大久保,西早稲田,13号線副都心線,35.708154639939025,139.70905780792236,47
新宿区,大久保,西武新宿,新宿線,35.696166274456374,139.70008850097656,1
新宿区,大久保,高田馬場,新宿線,35.71341640546666,139.70412254333496,37
新宿区,大京町,信濃町,中央線,35.68006278488559,139.72051620483398,1
新宿区,大京町,千駄ヶ谷,中央線,35.68096912819847,139.71137523651123,18
新宿区,大京町,四谷三丁目,4号線丸ノ内線,35.687975511754104,139.72060203552246,31
新宿区,大京町,国立競技場,12号線大江戸線,35.67999306574279,139.7143793106079,13
新宿区,大京町,新宿御苑前,4号線丸ノ内線,35.688637774886175,139.71068859100342,3
新宿区,天神町,神楽坂,5号線東西線,35.70386830932186,139.7343349456787,8
新宿区,富久町,四谷三丁目,4号線丸ノ内線,35.687975511754104,139.72060203552246,7
新宿区,富久町,新宿,小田原線,35.690380546329266,139.7000026702881,1
新宿区,富久町,新宿御苑前,4号線丸ノ内線,35.688637774886175,139.71068859100342,147
新宿区,富久町,曙橋,10号線新宿線,35.69240211350002,139.7224473953247,48
新宿区,富久町,若松河田,12号線大江戸線,35.6991635348201,139.7179412841797,1
新宿区,山吹町,江戸川橋,8号線有楽町線,35.70972275209277,139.73321914672852,104
新宿区,山吹町,神楽坂,5号線東西線,35.70386830932186,139.7343349456787,4
新宿区,岩戸町,牛込神楽坂,12号線大江戸線,35.700522720414256,139.7348928451538,16
新宿区,左門町,四谷三丁目,4号線丸ノ内線,35.687975511754104,139.72060203552246,40
新宿区,市谷仲之町,曙橋,10号線新宿線,35.69240211350002,139.7224473953247,48
新宿区,市谷八幡町,市ヶ谷,中央線,35.69100793472752,139.73553657531738,3
新宿区,市谷加賀町,牛込柳町,12号線大江戸線,35.69951204615552,139.72527980804443,32
新宿区,市谷加賀町,神楽坂,5号線東西線,35.70386830932186,139.7343349456787,2
新宿区,市谷台町,曙橋,10号線新宿線,35.69240211350002,139.7224473953247,7
新宿区,市谷山伏町,牛込柳町,12号線大江戸線,35.69951204615552,139.72527980804443,5
新宿区,市谷左内町,市ヶ谷,中央線,35.69100793472752,139.73553657531738,13
新宿区,市谷本村町,四ツ谷,4号線丸ノ内線,35.685396118726786,139.7303867340088,9
新宿区,市谷本村町,市ヶ谷,中央線,35.69100793472752,139.73553657531738,24
新宿区,市谷本村町,曙橋,10号線新宿線,35.69240211350002,139.7224473953247,34
新宿区,市谷柳町,牛込柳町,12号線大江戸線,35.69951204615552,139.72527980804443,41
新宿区,市谷田町,市ヶ谷,中央線,35.69100793472752,139.73553657531738,20
新宿区,市谷田町,飯田橋,5号線東西線,35.70212583261713,139.74510669708252,1
新宿区,市谷甲良町,牛込柳町,12号線大江戸線,35.69951204615552,139.72527980804443,14
新宿区,市谷砂土原町,市ヶ谷,中央線,35.69100793472752,139.73553657531738,26
新宿区,市谷砂土原町,牛込神楽坂,12号線大江戸線,35.700522720414256,139.7348928451538,1
新宿区,市谷砂土原町,飯田橋,5号線東西線,35.70212583261713,139.74510669708252,4
新宿区,市谷薬王寺町,曙橋,10号線新宿線,35.69240211350002,139.7224473953247,16
新宿区,市谷薬王寺町,牛込柳町,12号線大江戸線,35.69951204615552,139.72527980804443,73
新宿区,弁天町,早稲田,5号線東西線,35.705819838018655,139.72107410430908,11
新宿区,弁天町,牛込柳町,12号線大江戸線,35.69951204615552,139.72527980804443,29
新宿区,弁天町,神楽坂,5号線東西線,35.70386830932186,139.7343349456787,2
新宿区,愛住町,四谷三丁目,4号線丸ノ内線,35.687975511754104,139.72060203552246,11
新宿区,愛住町,曙橋,10号線新宿線,35.69240211350002,139.7224473953247,5
新宿区,戸塚町,早稲田,5号線東西線,35.705819838018655,139.72107410430908,1
新宿区,戸山,早稲田,5号線東西線,35.705819838018655,139.72107410430908,20
新宿区,戸山,東新宿,13号線副都心線,35.69794373315055,139.7074270248413,1
新宿区,戸山,若松河田,12号線大江戸線,35.6991635348201,139.7179412841797,16
新宿区,戸山,西早稲田,13号線副都心線,35.708154639939025,139.70905780792236,7
新宿区,払方町,市ヶ谷,中央線,35.69100793472752,139.73553657531738,13
新宿区,払方町,牛込神楽坂,12号線大江戸線,35.700522720414256,139.7348928451538,4
新宿区,改代町,江戸川橋,8号線有楽町線,35.70972275209277,139.73321914672852,10
新宿区,新宿,新宿,小田原線,35.690380546329266,139.7000026702881,13
新宿区,新宿,新宿三丁目,4号線丸ノ内線,35.69086851550992,139.70489501953125,61
新宿区,新宿,新宿御苑前,4号線丸ノ内線,35.688637774886175,139.71068859100342,148
新宿区,新宿,東新宿,13号線副都心線,35.69794373315055,139.7074270248413,129
新宿区,新宿,西新宿五丁目,12号線大江戸線,35.68985771889443,139.6844244003296,1
新宿区,新宿,都庁前,12号線大江戸線,35.69062453129274,139.6926212310791,1
新宿区,新宿,高田馬場,新宿線,35.71341640546666,139.70412254333496,1
新宿区,新小川町,江戸川橋,8号線有楽町線,35.70972275209277,139.73321914672852,9
新宿区,新小川町,飯田橋,5号線東西線,35.70212583261713,139.74510669708252,62
新宿区,早稲田南町,早稲田,5号線東西線,35.705819838018655,139.72107410430908,2
新宿区,早稲田南町,神楽坂,5号線東西線,35.70386830932186,139.7343349456787,1
新宿区,早稲田町,早稲田,5号線東西線,35.705819838018655,139.72107410430908,26
新宿区,早稲田鶴巻町,早稲田,5号線東西線,35.705819838018655,139.72107410430908,38
新宿区,早稲田鶴巻町,江戸川橋,8号線有楽町線,35.70972275209277,139.73321914672852,10
新宿区,東五軒町,江戸川橋,8号線有楽町線,35.70972275209277,139.73321914672852,9
新宿区,東五軒町,神楽坂,5号線東西線,35.70386830932186,139.7343349456787,26
新宿区,東五軒町,飯田橋,5号線東西線,35.70212583261713,139.74510669708252,10
新宿区,東榎町,神楽坂,5号線東西線,35.70386830932186,139.7343349456787,5
新宿区,榎町,早稲田,5号線東西線,35.705819838018655,139.72107410430908,1
新宿区,榎町,神楽坂,5号線東西線,35.70386830932186,139.7343349456787,5
新宿区,横寺町,牛込神楽坂,12号線大江戸線,35.700522720414256,139.7348928451538,10
新宿区,歌舞伎町,新宿,小田原線,35.690380546329266,139.7000026702881,10
新宿区,歌舞伎町,新宿三丁目,4号線丸ノ内線,35.69086851550992,139.70489501953125,7
新宿区,歌舞伎町,東新宿,13号線副都心線,35.69794373315055,139.7074270248413,39
新宿区,歌舞伎町,西武新宿,新宿線,35.696166274456374,139.70008850097656,1
新宿区,水道町,江戸川橋,8号線有楽町線,35.70972275209277,139.73321914672852,11
新宿区,水道町,神楽坂,5号線東西線,35.70386830932186,139.7343349456787,2
新宿区,河田町,若松河田,12号線大江戸線,35.6991635348201,139.7179412841797,7
新宿区,片町,曙橋,10号線新宿線,35.69240211350002,139.7224473953247,3
新宿区,白銀町,牛込神楽坂,12号線大江戸線,35.700522720414256,139.7348928451538,12
新宿区,白銀町,神楽坂,5号線東西線,35.70386830932186,139.7343349456787,25
新宿区,白銀町,飯田橋,5号線東西線,35.70212583261713,139.74510669708252,3
新宿区,百人町,大久保,中央線,35.700522720414256,139.69747066497803,61
新宿区,百人町,新大久保,山手線,35.70087122580895,139.70021724700928,78
新宿区,百人町,西武新宿,新宿線,35.696166274456374,139.70008850097656,2
新宿区,百人町,高田馬場,新宿線,35.71341640546666,139.70412254333496,19
新宿区,矢来町,神楽坂,5号線東西線,35.70386830932186,139.7343349456787,45
新宿区,神楽坂,牛込神楽坂,12号線大江戸線,35.700522720414256,139.7348928451538,16
新宿区,神楽坂,神楽坂,5号線東西線,35.70386830932186,139.7343349456787,22
新宿区,神楽坂,飯田橋,5号線東西線,35.70212583261713,139.74510669708252,5
新宿区,筑土八幡町,牛込神楽坂,12号線大江戸線,35.700522720414256,139.7348928451538,1
新宿区,筑土八幡町,神楽坂,5号線東西線,35.70386830932186,139.7343349456787,10
新宿区,筑土八幡町,飯田橋,5号線東西線,35.70212583261713,139.74510669708252,8
新宿区,箪笥町,牛込神楽坂,12号線大江戸線,35.700522720414256,139.7348928451538,21
新宿区,築地町,神楽坂,5号線東西線,35.70386830932186,139.7343349456787,5
新宿区,納戸町,市ヶ谷,中央線,35.69100793472752,139.73553657531738,5
新宿区,納戸町,牛込神楽坂,12号線大江戸線,35.700522720414256,139.7348928451538,17
新宿区,細工町,牛込神楽坂,12号線大江戸線,35.700522720414256,139.7348928451538,1
新宿区,舟町,四谷三丁目,4号線丸ノ内線,35.687975511754104,139.72060203552246,47
新宿区,舟町,曙橋,10号線新宿線,35.69240211350002,139.7224473953247,8
新宿区,若宮町,牛込神楽坂,12号線大江戸線,35.700522720414256,139.7348928451538,4
新宿区,若宮町,飯田橋,5号線東西線,35.70212583261713,139.74510669708252,13
新宿区,若松町,若松河田,12号線大江戸線,35.6991635348201,139.7179412841797,79
新宿区,若葉,信濃町,中央線,35.68006278488559,139.72051620483398,9
新宿区,若葉,四ツ谷,4号線丸ノ内線,35.685396118726786,139.7303867340088,40
新宿区,若葉,四谷三丁目,4号線丸ノ内線,35.687975511754104,139.72060203552246,2
新宿区,荒木町,四谷三丁目,4号線丸ノ内線,35.687975511754104,139.72060203552246,30
新宿区,荒木町,曙橋,10号線新宿線,35.69240211350002,139.7224473953247,12
新宿区,袋町,牛込神楽坂,12号線大江戸線,35.700522720414256,139.7348928451538,4
新宿区,袋町,飯田橋,5号線東西線,35.70212583261713,139.74510669708252,2
新宿区,西五軒町,江戸川橋,8号線有楽町線,35.70972275209277,139.73321914672852,7
新宿区,西五軒町,神楽坂,5号線東西線,35.70386830932186,139.7343349456787,41
新宿区,西五軒町,飯田橋,5号線東西線,35.70212583261713,139.74510669708252,1
新宿区,西新宿,初台,京王線,35.681422295994324,139.68682765960693,32
新宿区,西新宿,大久保,中央線,35.700522720414256,139.69747066497803,9
新宿区,西新宿,新宿,小田原線,35.690380546329266,139.7000026702881,58
新宿区,西新宿,新宿西口,12号線大江戸線,35.69358714629573,139.69910144805908,28
新宿区,西新宿,早稲田,5号線東西線,35.705819838018655,139.72107410430908,1
新宿区,西新宿,早稲田,荒川線,35.71184836598174,139.7189712524414,1
新宿区,西新宿,西新宿,4号線丸ノ内線,35.69435392283978,139.69292163848877,160
新宿区,西新宿,西新宿五丁目,12号線大江戸線,35.68985771889443,139.6844244003296,287
新宿区,西新宿,西武新宿,新宿線,35.696166274456374,139.70008850097656,1
新宿区,西新宿,都庁前,12号線大江戸線,35.69062453129274,139.6926212310791,55
新宿区,西新宿,面影橋,荒川線,35.71299826462054,139.7142505645752,1
新宿区,西新宿,高田馬場,新宿線,35.71341640546666,139.70412254333496,1
新宿区,西早稲田,早稲田,5号線東西線,35.705819838018655,139.72107410430908,137
新宿区,西早稲田,早稲田,荒川線,35.71184836598174,139.7189712524414,27
新宿区,西早稲田,西早稲田,13号線副都心線,35.708154639939025,139.70905780792236,71
新宿区,西早稲田,面影橋,荒川線,35.71299826462054,139.7142505645752,11
新宿区,西早稲田,高田馬場,新宿線,35.71341640546666,139.70412254333496,59
新宿区,西早稲田,鬼子母神前,荒川線,35.720210886727784,139.71485137939453,2
新宿区,西落合,中井,新宿線,35.71505410265722,139.6871280670166,1
新宿区,西落合,新井薬師前,新宿線,35.71582067275732,139.671893119812,5
新宿区,西落合,新江古田,12号線大江戸線,35.732578839502125,139.67047691345215,2
新宿区,西落合,東長崎,池袋線,35.73007056488393,139.68326568603516,2
新宿区,西落合,落合南長崎,12号線大江戸線,35.72331176510953,139.68356609344482,72
新宿区,赤城下町,江戸川橋,8号線有楽町線,35.70972275209277,139.73321914672852,1
新宿区,赤城下町,神楽坂,5号線東西線,35.70386830932186,139.7343349456787,25
新宿区,赤城元町,神楽坂,5号線東西線,35.70386830932186,139.7343349456787,9
新宿区,須賀町,信濃町,中央線,35.68006278488559,139.72051620483398,3
新宿区,須賀町,四ツ谷,4号線丸ノ内線,35.685396118726786,139.7303867340088,2
新宿区,須賀町,四谷三丁目,4号線丸ノ内線,35.687975511754104,139.72060203552246,3
新宿区,馬場下町,早稲田,5号線東西線,35.705819838018655,139.72107410430908,3
新宿区,高田馬場,下落合,新宿線,35.71585551667758,139.6949815750122,3
新宿区,高田馬場,落合,5号線東西線,35.710593912181494,139.6855401992798,1
新宿区,高田馬場,西早稲田,13号線副都心線,35.708154639939025,139.70905780792236,10
新宿区,高田馬場,高田馬場,新宿線,35.71341640546666,139.70412254333496,163
日野市,万願寺,万願寺,多摩都市モノレール線,35.67120796637764,139.42002296447754,12
日野市,万願寺,高幡不動,京王線,35.66228243084052,139.4131565093994,19
日野市,三沢,百草園,京王線,35.657400856526,139.43139553070068,16
日野市,三沢,高幡不動,京王線,35.66228243084052,139.4131565093994,57
日野市,南平,南平,京王線,35.654611251508115,139.3919563293457,12
日野市,南平,高幡不動,京王線,35.66228243084052,139.4131565093994,14
日野市,多摩平,日野,中央線,35.67936559071646,139.39405918121338,4
日野市,多摩平,豊田,中央線,35.65952786487722,139.38144207000732,90
日野市,大坂上,日野,中央線,35.67936559071646,139.39405918121338,7
日野市,大字新井,高幡不動,京王線,35.66228243084052,139.4131565093994,4
日野市,大字日野,日野,中央線,35.67936559071646,139.39405918121338,7
日野市,大字日野,甲州街道,多摩都市モノレール線,35.67828492771589,139.4092082977295,42
日野市,富士町,豊田,中央線,35.65952786487722,139.38144207000732,30
日野市,平山,平山城址公園,京王線,35.64753219146695,139.38032627105713,9
日野市,新井,高幡不動,京王線,35.66228243084052,139.4131565093994,12
日野市,新町,日野,中央線,35.67936559071646,139.39405918121338,23
日野市,日野台,日野,中央線,35.67936559071646,139.39405918121338,4
日野市,日野本町,日野,中央線,35.67936559071646,139.39405918121338,17
日野市,日野本町,甲州街道,多摩都市モノレール線,35.67828492771589,139.4092082977295,7
日野市,旭が丘,日野,中央線,35.67936559071646,139.39405918121338,2
日野市,旭が丘,豊田,中央線,35.65952786487722,139.38144207000732,101
日野市,東平山,豊田,中央線,35.65952786487722,139.38144207000732,2
日野市,東豊田,豊田,中央線,35.65952786487722,139.38144207000732,36
日野市,栄町,日野,中央線,35.67936559071646,139.39405918121338,11
日野市,百草,百草園,京王線,35.657400856526,139.43139553070068,24
日野市,百草,聖蹟桜ヶ丘,京王線,35.650810257852086,139.4468879699707,1
日野市,百草,高幡不動,京王線,35.66228243084052,139.4131565093994,16
日野市,神明,日野,中央線,35.67936559071646,139.39405918121338,18
日野市,程久保,多摩動物公園,動物園線,35.64903174916549,139.40444469451904,3
日野市,程久保,程久保,多摩都市モノレール線,35.65527379152256,139.4108819961548,3
日野市,程久保,高幡不動,京王線,35.66228243084052,139.4131565093994,4
日野市,落川,百草園,京王線,35.657400856526,139.43139553070068,8
日野市,落川,聖蹟桜ヶ丘,京王線,35.650810257852086,139.4468879699707,6
日野市,豊田,豊田,中央線,35.65952786487722,139.38144207000732,27
日野市,高幡,高幡不動,京王線,35.66228243084052,139.4131565093994,21
昭島市,つつじが丘,中神,青梅線,35.70906066405739,139.37577724456787,1
昭島市,つつじが丘,昭島,青梅線,35.71355578526119,139.3608856201172,86
昭島市,もくせいの杜,東中神,青梅線,35.7063425608077,139.38453197479248,6
昭島市,中神町,中神,青梅線,35.70906066405739,139.37577724456787,23
昭島市,中神町,東中神,青梅線,35.7063425608077,139.38453197479248,2
昭島市,代官山,昭島,青梅線,35.71355578526119,139.3608856201172,6
昭島市,大神町,昭島,青梅線,35.71355578526119,139.3608856201172,5
昭島市,宮沢町,中神,青梅線,35.70906066405739,139.37577724456787,47
昭島市,宮沢町,昭島,青梅線,35.71355578526119,139.3608856201172,3
昭島市,拝島町,拝島,拝島線,35.72115161539429,139.34371948242188,2
昭島市,拝島町,昭島,青梅線,35.71355578526119,139.3608856201172,2
昭島市,昭和町,昭島,青梅線,35.71355578526119,139.3608856201172,23
昭島市,朝日町,中神,青梅線,35.70906066405739,139.37577724456787,8
昭島市,東町,東中神,青梅線,35.7063425608077,139.38453197479248,4
昭島市,東町,西立川,青梅線,35.70362436487579,139.39367294311523,10
昭島市,松原町,拝島,拝島線,35.72115161539429,139.34371948242188,33
昭島市,松原町,昭島,青梅線,35.71355578526119,139.3608856201172,41
昭島市,武蔵野,中神,青梅線,35.70906066405739,139.37577724456787,42
昭島市,武蔵野,昭島,青梅線,35.71355578526119,139.3608856201172,1
昭島市,武蔵野,東中神,青梅線,35.7063425608077,139.38453197479248,1
昭島市,武蔵野,西武立川,拝島線,35.72623832613016,139.3697690963745,16
昭島市,玉川町,中神,青梅線,35.70906066405739,139.37577724456787,11
昭島市,玉川町,東中神,青梅線,35.7063425608077,139.38453197479248,25
昭島市,田中町,昭島,青梅線,35.71355578526119,139.3608856201172,6
昭島市,福島町,東中神,青梅線,35.7063425608077,139.38453197479248,4
昭島市,緑町,昭島,青梅線,35.71355578526119,139.3608856201172,1
昭島市,美堀町,拝島,拝島線,35.72115161539429,139.34371948242188,18
昭島市,美堀町,西武立川,拝島線,35.72623832613016,139.3697690963745,10
昭島市,郷地町,東中神,青梅線,35.7063425608077,139.38453197479248,4
昭島市,郷地町,西立川,青梅線,35.70362436487579,139.39367294311523,2
杉並区,上井草,上井草,新宿線,35.72526281773581,139.60288524627686,33
杉並区,上井草,井荻,新宿線,35.72470537900412,139.61528778076172,20
杉並区,上荻,荻窪,4号線丸ノ内線,35.70442589382424,139.62069511413574,74
杉並区,上荻,西荻窪,中央線,35.70379861098488,139.5995807647705,52
杉並区,上高井戸,上北沢,京王線,35.668872082782215,139.62335586547852,5
杉並区,上高井戸,八幡山,京王線,35.66970882506169,139.61631774902344,45
杉並区,上高井戸,富士見ヶ丘,井の頭線,35.68480354368326,139.60726261138916,3
杉並区,上高井戸,桜上水,京王線,35.66761695291778,139.6319818496704,1
杉並区,上高井戸,芦花公園,京王線,35.67058042227616,139.6086359024048,42
杉並区,上高井戸,高井戸,井の頭線,35.683269799602684,139.61524486541748,24
杉並区,下井草,下井草,新宿線,35.72393889437902,139.62472915649414,31
杉並区,下井草,井荻,新宿線,35.72470537900412,139.61528778076172,14
杉並区,下井草,荻窪,4号線丸ノ内線,35.70442589382424,139.62069511413574,1
杉並区,下井草,阿佐ヶ谷,中央線,35.7048789283609,139.6356725692749,4
杉並区,下井草,鷺ノ宮,新宿線,35.72261494902011,139.6388053894043,3
杉並区,下高井戸,上北沢,京王線,35.668872082782215,139.62335586547852,15
杉並区,下高井戸,下高井戸,世田谷線,35.6661526098011,139.6415948867798,14
杉並区,下高井戸,八幡山,京王線,35.66970882506169,139.61631774902344,3
杉並区,下高井戸,桜上水,京王線,35.66761695291778,139.6319818496704,81
杉並区,久我山,三鷹台,井の頭線,35.692088425400954,139.58932399749756,2
杉並区,久我山,久我山,井の頭線,35.6881149360283,139.59940910339355,76
杉並区,久我山,富士見ヶ丘,井の頭線,35.68480354368326,139.60726261138916,13
杉並区,井草,上井草,新宿線,35.72526281773581,139.60288524627686,3
杉並区,井草,下井草,新宿線,35.72393889437902,139.62472915649414,12
杉並区,井草,井荻,新宿線,35.72470537900412,139.61528778076172,79
杉並区,今川,上井草,新宿線,35.72526281773581,139.60288524627686,11
杉並区,今川,井荻,新宿線,35.72470537900412,139.61528778076172,6
杉並区,今川,荻窪,4号線丸ノ内線,35.70442589382424,139.62069511413574,12
杉並区,今川,西荻窪,中央線,35.70379861098488,139.5995807647705,2
杉並区,南荻窪,荻窪,4号線丸ノ内線,35.70442589382424,139.62069511413574,57
杉並区,南荻窪,西荻窪,中央線,35.70379861098488,139.5995807647705,14
杉並区,和泉,代田橋,京王線,35.670894194943614,139.6587610244751,33
杉並区,和泉,方南町,4号線丸ノ内線分岐線,35.68347894825895,139.6576452255249,62
杉並区,和泉,明大前,井の頭線,35.668488572972905,139.65022087097168,25
杉並区,和泉,永福町,井の頭線,35.676332725198364,139.6426248550415,26
杉並区,和泉,笹塚,京王線,35.67378781807109,139.66734409332275,1
杉並区,和田,中野富士見町,4号線丸ノ内線分岐線,35.69048511140501,139.66691493988037,71
杉並区,和田,新中野,4号線丸ノ内線,35.69749065920651,139.66906070709229,2
杉並区,和田,新高円寺,4号線丸ノ内線,35.69780432605732,139.64828968048096,1
杉並区,和田,方南町,4号線丸ノ内線分岐線,35.68347894825895,139.6576452255249,35
杉並区,和田,東高円寺,4号線丸ノ内線,35.697978584885774,139.6579885482788,92
杉並区,善福寺,上石神井,新宿線,35.72620348675035,139.59245681762695,4
杉並区,善福寺,荻窪,4号線丸ノ内線,35.70442589382424,139.62069511413574,1
杉並区,善福寺,西荻窪,中央線,35.70379861098488,139.5995807647705,7
杉並区,堀ノ内,新高円寺,4号線丸ノ内線,35.69780432605732,139.64828968048096,23
杉並区,堀ノ内,方南町,4号線丸ノ内線分岐線,35.68347894825895,139.6576452255249,117
杉並区,堀ノ内,東高円寺,4号線丸ノ内線,35.697978584885774,139.6579885482788,15
杉並区,大宮,西永福,井の頭線,35.6788775511736,139.63515758514404,9
杉並区,天沼,荻窪,4号線丸ノ内線,35.70442589382424,139.62069511413574,52
杉並区,宮前,久我山,井の頭線,35.6881149360283,139.59940910339355,21
杉並区,宮前,富士見ヶ丘,井の頭線,35.68480354368326,139.60726261138916,20
杉並区,宮前,荻窪,4号線丸ノ内線,35.70442589382424,139.62069511413574,5
杉並区,宮前,西荻窪,中央線,35.70379861098488,139.5995807647705,22
杉並区,宮前,高井戸,井の頭線,35.683269799602684,139.61524486541748,6
杉並区,成田東,南阿佐ヶ谷,4号線丸ノ内線,35.69944234401029,139.6355438232422,161
杉並区,成田東,新高円寺,4号線丸ノ内線,35.69780432605732,139.64828968048096,3
杉並区,成田東,浜田山,井の頭線,35.681736026037555,139.6272611618042,1
杉並区,成田東,荻窪,4号線丸ノ内線,35.70442589382424,139.62069511413574,6
杉並区,成田東,西永福,井の頭線,35.6788775511736,139.63515758514404,20
杉並区,成田東,阿佐ヶ谷,中央線,35.7048789283609,139.6356725692749,2
杉並区,成田西,南阿佐ヶ谷,4号線丸ノ内線,35.69944234401029,139.6355438232422,4
杉並区,成田西,浜田山,井の頭線,35.681736026037555,139.6272611618042,11
杉並区,成田西,西永福,井の頭線,35.6788775511736,139.63515758514404,1
杉並区,成田西,高井戸,井の頭線,35.683269799602684,139.61524486541748,1
杉並区,方南,代田橋,京王線,35.670894194943614,139.6587610244751,6
杉並区,方南,方南町,4号線丸ノ内線分岐線,35.68347894825895,139.6576452255249,121
杉並区,方南,笹塚,京王線,35.67378781807109,139.66734409332275,16
杉並区,本天沼,荻窪,4号線丸ノ内線,35.70442589382424,139.62069511413574,7
杉並区,本天沼,阿佐ヶ谷,中央線,35.7048789283609,139.6356725692749,3
杉並区,松ノ木,新高円寺,4号線丸ノ内線,35.69780432605732,139.64828968048096,9
杉並区,松庵,三鷹台,井の頭線,35.692088425400954,139.58932399749756,12
杉並区,松庵,吉祥寺,井の頭線,35.70313647374438,139.5798397064209,4
杉並区,松庵,西荻窪,中央線,35.70379861098488,139.5995807647705,30
杉並区,桃井,荻窪,4号線丸ノ内線,35.70442589382424,139.62069511413574,38
杉並区,桃井,西荻窪,中央線,35.70379861098488,139.5995807647705,46
杉並区,梅里,南阿佐ヶ谷,4号線丸ノ内線,35.69944234401029,139.6355438232422,7
杉並区,梅里,新高円寺,4号線丸ノ内線,35.69780432605732,139.64828968048096,61
杉並区,梅里,東高円寺,4号線丸ノ内線,35.697978584885774,139.6579885482788,4
杉並区,梅里,高円寺,中央線,35.70533196032312,139.64970588684082,2
杉並区,永福,明大前,井の頭線,35.668488572972905,139.65022087097168,10
杉並区,永福,永福町,井の頭線,35.676332725198364,139.6426248550415,29
杉並区,永福,西永福,井の頭線,35.6788775511736,139.63515758514404,8
杉並区,浜田山,浜田山,井の頭線,35.681736026037555,139.6272611618042,99
杉並区,浜田山,西永福,井の頭線,35.6788775511736,139.63515758514404,60
杉並区,清水,井荻,新宿線,35.72470537900412,139.61528778076172,4
杉並区,清水,荻窪,4号線丸ノ内線,35.70442589382424,139.62069511413574,24
杉並区,荻窪,南阿佐ヶ谷,4号線丸ノ内線,35.69944234401029,139.6355438232422,2
杉並区,荻窪,荻窪,4号線丸ノ内線,35.70442589382424,139.62069511413574,295
杉並区,荻窪,高井戸,井の頭線,35.683269799602684,139.61524486541748,1
杉並区,西荻北,荻窪,4号線丸ノ内線,35.70442589382424,139.62069511413574,4
杉並区,西荻北,西荻窪,中央線,35.70379861098488,139.5995807647705,137
杉並区,西荻南,西荻窪,中央線,35.70379861098488,139.5995807647705,87
杉並区,阿佐谷北,阿佐ヶ谷,中央線,35.7048789283609,139.6356725692749,91
杉並区,阿佐谷南,南阿佐ヶ谷,4号線丸ノ内線,35.69944234401029,139.6355438232422,31
杉並区,阿佐谷南,新高円寺,4号線丸ノ内線,35.69780432605732,139.64828968048096,5
杉並区,阿佐谷南,荻窪,4号線丸ノ内線,35.70442589382424,139.62069511413574,18
杉並区,阿佐谷南,阿佐ヶ谷,中央線,35.7048789283609,139.6356725692749,35
杉並区,高井戸東,浜田山,井の頭線,35.681736026037555,139.6272611618042,67
杉並区,高井戸東,高井戸,井の頭線,35.683269799602684,139.61524486541748,144
杉並区,高井戸西,富士見ヶ丘,井の頭線,35.68480354368326,139.60726261138916,6
杉並区,高井戸西,高井戸,井の頭線,35.683269799602684,139.61524486541748,66
杉並区,高円寺北,高円寺,中央線,35.70533196032312,139.64970588684082,84
杉並区,高円寺南,中野,中央線,35.705819838018655,139.66579914093018,37
杉並区,高円寺南,新高円寺,4号線丸ノ内線,35.69780432605732,139.64828968048096,18
杉並区,高円寺南,東高円寺,4号線丸ノ内線,35.697978584885774,139.6579885482788,93
杉並区,高円寺南,高円寺,中央線,35.70533196032312,139.64970588684082,85
東久留米市,ひばりが丘団地,ひばりヶ丘,池袋線,35.75163217918862,139.5455503463745,24
東久留米市,下里,東久留米,池袋線,35.76054771493607,139.53374862670898,8
東久留米市,中央町,ひばりヶ丘,池袋線,35.75163217918862,139.5455503463745,2
東久留米市,中央町,東久留米,池袋線,35.76054771493607,139.53374862670898,8
東久留米市,八幡町,東久留米,池袋線,35.76054771493607,139.53374862670898,8
東久留米市,八幡町,清瀬,池袋線,35.772073743155886,139.51984405517578,12
東久留米市,前沢,東久留米,池袋線,35.76054771493607,139.53374862670898,3
東久留米市,前沢,花小金井,新宿線,35.726168647355294,139.51327800750732,10
東久留米市,南沢,ひばりヶ丘,池袋線,35.75163217918862,139.5455503463745,22
東久留米市,南沢,東久留米,池袋線,35.76054771493607,139.53374862670898,4
東久留米市,南町,ひばりヶ丘,池袋線,35.75163217918862,139.5455503463745,7
東久留米市,南町,花小金井,新宿線,35.726168647355294,139.51327800750732,2
東久留米市,大門町,東久留米,池袋線,35.76054771493607,139.53374862670898,8
東久留米市,学園町,ひばりヶ丘,池袋線,35.75163217918862,139.5455503463745,3
東久留米市,学園町,東久留米,池袋線,35.76054771493607,139.53374862670898,3
東久留米市,小山,清瀬,池袋線,35.772073743155886,139.51984405517578,1
東久留米市,幸町,東久留米,池袋線,35.76054771493607,139.53374862670898,1
東久留米市,弥生,花小金井,新宿線,35.726168647355294,139.51327800750732,5
東久留米市,新川町,東久留米,池袋線,35.76054771493607,139.53374862670898,9
東久留米市,本町,東久留米,池袋線,35.76054771493607,139.53374862670898,38
東久留米市,東本町,東久留米,池袋線,35.76054771493607,139.53374862670898,20
東久留米市,柳窪,小平,新宿線,35.73693329531173,139.48843002319336,16
東久留米市,柳窪,花小金井,新宿線,35.726168647355294,139.51327800750732,1
東久留米市,浅間町,ひばりヶ丘,池袋線,35.75163217918862,139.5455503463745,5
東久留米市,滝山,小平,新宿線,35.73693329531173,139.48843002319336,1
東久留米市,滝山,花小金井,新宿線,35.726168647355294,139.51327800750732,126
東久留米市,神宝町,東久留米,池袋線,35.76054771493607,139.53374862670898,2
東久留米市,野火止,清瀬,池袋線,35.772073743155886,139.51984405517578,4
東久留米市,金山町,東久留米,池袋線,35.76054771493607,139.53374862670898,3
東大和市,上北台,上北台,多摩都市モノレール線,35.745745985163765,139.41577434539795,1
東大和市,上北台,桜街道,多摩都市モノレール線,35.73909301705227,139.41667556762695,8
東大和市,南街,東大和市,拝島線,35.73289236827503,139.43461418151855,3
東大和市,南街,桜街道,多摩都市モノレール線,35.73909301705227,139.41667556762695,3
東大和市,向原,東大和市,拝島線,35.73289236827503,139.43461418151855,12
東大和市,新堀,東大和市,拝島線,35.73289236827503,139.43461418151855,2
東大和市,桜が丘,東大和市,拝島線,35.73289236827503,139.43461418151855,64
東大和市,桜が丘,桜街道,多摩都市モノレール線,35.73909301705227,139.41667556762695,28
東大和市,桜が丘,玉川上水,拝島線,35.731916941372575,139.41813468933103,70
東大和市,清水,武蔵大和,多摩湖線,35.75626420329711,139.44422721862793,1
東大和市,湖畔,武蔵大和,多摩湖線,35.75626420329711,139.44422721862793,1
東大和市,立野,上北台,多摩都市モノレール線,35.745745985163765,139.41577434539795,9
東大和市,立野,東大和市,拝島線,35.73289236827503,139.43461418151855,4
東大和市,立野,桜街道,多摩都市モノレール線,35.73909301705227,139.41667556762695,25
東大和市,立野,玉川上水,拝島線,35.731916941372575,139.41813468933103,6
東大和市,蔵敷,上北台,多摩都市モノレール線,35.745745985163765,139.41577434539795,10
東大和市,高木,武蔵大和,多摩湖線,35.75626420329711,139.44422721862793,2
東村山市,久米川町,所沢,新宿線,35.787149077075085,139.47332382202148,7
東村山市,久米川町,新秋津,武蔵野線,35.77781872251616,139.49332237243652,10
東村山市,久米川町,東村山,国分寺線,35.759955698606205,139.46585655212402,8
東村山市,多摩湖町,多摩湖,山口線,35.76580601957359,139.4427251815796,3
東村山市,富士見町,久米川,新宿線,35.74964694346383,139.47259426116943,3
東村山市,富士見町,八坂,多摩湖線,35.74522352087439,139.46735858917236,9
東村山市,富士見町,小川,国分寺線,35.73745581400792,139.46349620819092,109
東村山市,富士見町,武蔵大和,多摩湖線,35.75626420329711,139.44422721862793,5
東村山市,廻田町,東村山,国分寺線,35.759955698606205,139.46585655212402,6
東村山市,恩多町,久米川,新宿線,35.74964694346383,139.47259426116943,28
東村山市,本町,久米川,新宿線,35.74964694346383,139.47259426116943,23
東村山市,本町,東村山,国分寺線,35.759955698606205,139.46585655212402,44
東村山市,栄町,久米川,新宿線,35.74964694346383,139.47259426116943,167
東村山市,栄町,八坂,多摩湖線,35.74522352087439,139.46735858917236,8
東村山市,秋津町,所沢,新宿線,35.787149077075085,139.47332382202148,3
東村山市,秋津町,新秋津,武蔵野線,35.77781872251616,139.49332237243652,20
東村山市,美住町,久米川,新宿線,35.74964694346383,139.47259426116943,57
東村山市,美住町,八坂,多摩湖線,35.74522352087439,139.46735858917236,6
東村山市,美住町,東村山,国分寺線,35.759955698606205,139.46585655212402,10
東村山市,萩山町,久米川,新宿線,35.74964694346383,139.47259426116943,21
東村山市,萩山町,八坂,多摩湖線,35.74522352087439,139.46735858917236,7
東村山市,萩山町,小平,新宿線,35.73693329531173,139.48843002319336,2
東村山市,萩山町,萩山,多摩湖線,35.741008850208075,139.4767999649048,50
東村山市,野口町,東村山,国分寺線,35.759955698606205,139.46585655212402,22
東村山市,青葉町,久米川,新宿線,35.74964694346383,139.47259426116943,14
東村山市,青葉町,所沢,新宿線,35.787149077075085,139.47332382202148,1
東村山市,青葉町,新秋津,武蔵野線,35.77781872251616,139.49332237243652,10
板橋区,三園,西高島平,6号線三田線,35.791953086223586,139.64571475982666,25
板橋区,上板橋,上板橋,東上本線,35.76357737660338,139.67631340026855,70
板橋区,中丸町,大山,東上本線,35.74846274418968,139.70266342163086,49
板橋区,中丸町,池袋,4号線丸ノ内線,35.72989637621322,139.71094608306885,6
板橋区,中丸町,要町,8号線有楽町線,35.73327556843233,139.69871520996094,25
板橋区,中台,上板橋,東上本線,35.76357737660338,139.67631340026855,52
板橋区,中台,志村三丁目,6号線三田線,35.7775053707084,139.6858835220337,83
板橋区,中板橋,中板橋,東上本線,35.75633385573727,139.69438076019287,19
板橋区,仲宿,板橋区役所前,6号線三田線,35.75121423894075,139.71017360687256,80
板橋区,仲宿,板橋本町,6号線三田線,35.76138349519607,139.7054958343506,3
板橋区,仲町,中板橋,東上本線,35.75633385573727,139.69438076019287,5
板橋区,仲町,大山,東上本線,35.74846274418968,139.70266342163086,1
板橋区,前野町,ときわ台,東上本線,35.758702002424414,139.68961715698242,135
板橋区,前野町,上板橋,東上本線,35.76357737660338,139.67631340026855,27
板橋区,前野町,志村三丁目,6号線三田線,35.7775053707084,139.6858835220337,21
板橋区,前野町,志村坂上,6号線三田線,35.77579932253434,139.69528198242188,27
板橋区,前野町,本蓮沼,6号線三田線,35.76862655631005,139.7023630142212,27
板橋区,前野町,板橋本町,6号線三田線,35.76138349519607,139.7054958343506,3
板橋区,加賀,十条,赤羽線,35.76058253928885,139.72214698791504,67
板橋区,加賀,新板橋,6号線三田線,35.74888069888655,139.71965789794922,25
板橋区,加賀,板橋区役所前,6号線三田線,35.75121423894075,139.71017360687256,77
板橋区,加賀,板橋本町,6号線三田線,35.76138349519607,139.7054958343506,1
板橋区,南常盤台,ときわ台,東上本線,35.758702002424414,139.68961715698242,70
板橋区,南常盤台,中板橋,東上本線,35.75633385573727,139.69438076019287,1
板橋区,南町,大山,東上本線,35.74846274418968,139.70266342163086,9
板橋区,南町,池袋,4号線丸ノ内線,35.72989637621322,139.71094608306885,2
板橋区,南町,要町,8号線有楽町線,35.73327556843233,139.69871520996094,27
板橋区,双葉町,中板橋,東上本線,35.75633385573727,139.69438076019287,11
板橋区,双葉町,板橋本町,6号線三田線,35.76138349519607,139.7054958343506,5
板橋区,向原,千川,8号線有楽町線,35.73822216855997,139.68940258026123,6
板橋区,向原,小竹向原,西武有楽町線,35.74341228478872,139.67953205108645,21
板橋区,四葉,下赤塚,東上本線,35.77047203855885,139.64489936828613,5
板橋区,四葉,新高島平,6号線三田線,35.79021253674571,139.6543836593628,8
板橋区,坂下,志村三丁目,6号線三田線,35.7775053707084,139.6858835220337,58
板橋区,坂下,浮間舟渡,東北線,35.79118724914997,139.69146251678467,2
板橋区,坂下,蓮根,6号線三田線,35.78418994141748,139.67901706695557,117
板橋区,大原町,ときわ台,東上本線,35.758702002424414,139.68961715698242,1
板橋区,大原町,志村坂上,6号線三田線,35.77579932253434,139.69528198242188,1
板橋区,大原町,本蓮沼,6号線三田線,35.76862655631005,139.7023630142212,50
板橋区,大和町,中板橋,東上本線,35.75633385573727,139.69438076019287,1
板橋区,大和町,板橋本町,6号線三田線,35.76138349519607,139.7054958343506,53
板橋区,大山東町,大山,東上本線,35.74846274418968,139.70266342163086,43
板橋区,大山東町,板橋区役所前,6号線三田線,35.75121423894075,139.71017360687256,20
板橋区,大山町,大山,東上本線,35.74846274418968,139.70266342163086,52
板橋区,大山西町,大山,東上本線,35.74846274418968,139.70266342163086,45
板橋区,大山金井町,下板橋,東上本線,35.74564149258022,139.7148084640503,11
板橋区,大山金井町,大山,東上本線,35.74846274418968,139.70266342163086,24
板橋区,大谷口,千川,8号線有楽町線,35.73822216855997,139.68940258026123,7
板橋区,大谷口,小竹向原,西武有楽町線,35.74341228478872,139.67953205108645,6
板橋区,大谷口上町,中板橋,東上本線,35.75633385573727,139.69438076019287,7
板橋区,大谷口上町,大山,東上本線,35.74846274418968,139.70266342163086,4
板橋区,大谷口上町,小竹向原,西武有楽町線,35.74341228478872,139.67953205108645,2
板橋区,大谷口北町,中板橋,東上本線,35.75633385573727,139.69438076019287,27
板橋区,大谷口北町,小竹向原,西武有楽町線,35.74341228478872,139.67953205108645,8
板橋区,大門,新高島平,6号線三田線,35.79021253674571,139.6543836593628,8
板橋区,宮本町,本蓮沼,6号線三田線,35.76862655631005,139.7023630142212,3
板橋区,宮本町,板橋本町,6号線三田線,35.76138349519607,139.7054958343506,27
板橋区,富士見町,ときわ台,東上本線,35.758702002424414,139.68961715698242,1
板橋区,富士見町,中板橋,東上本線,35.75633385573727,139.69438076019287,9
板橋区,富士見町,板橋本町,6号線三田線,35.76138349519607,139.7054958343506,13
板橋区,小茂根,小竹向原,西武有楽町線,35.74341228478872,139.67953205108645,122
板橋区,小豆沢,北赤羽,東北線,35.7868009491863,139.7059679031372,14
板橋区,小豆沢,志村坂上,6号線三田線,35.77579932253434,139.69528198242188,174
板橋区,小豆沢,本蓮沼,6号線三田線,35.76862655631005,139.7023630142212,22
板橋区,常盤台,ときわ台,東上本線,35.758702002424414,139.68961715698242,33
板橋区,常盤台,上板橋,東上本線,35.76357737660338,139.67631340026855,10
板橋区,常盤台,中板橋,東上本線,35.75633385573727,139.69438076019287,1
板橋区,幸町,千川,8号線有楽町線,35.73822216855997,139.68940258026123,1
板橋区,幸町,大山,東上本線,35.74846274418968,139.70266342163086,22
板橋区,弥生町,中板橋,東上本線,35.75633385573727,139.69438076019287,19
板橋区,徳丸,下赤塚,東上本線,35.77047203855885,139.64489936828613,18
板橋区,徳丸,東武練馬,東上本線,35.768731018712785,139.66232299804688,140
板橋区,徳丸,高島平,6号線三田線,35.78895931751666,139.66125011444092,25
板橋区,志村,志村三丁目,6号線三田線,35.7775053707084,139.6858835220337,48
板橋区,志村,志村坂上,6号線三田線,35.77579932253434,139.69528198242188,69
板橋区,志村,本蓮沼,6号線三田線,35.76862655631005,139.7023630142212,10
板橋区,成増,地下鉄成増,8号線有楽町線,35.776739394423714,139.6310806274414,121
板橋区,成増,成増,東上本線,35.7775750045502,139.63292598724365,111
板橋区,新河岸,新高島平,6号線三田線,35.79021253674571,139.6543836593628,6
板橋区,新河岸,高島平,6号線三田線,35.78895931751666,139.66125011444092,9
板橋区,本町,板橋区役所前,6号線三田線,35.75121423894075,139.71017360687256,8
板橋区,本町,板橋本町,6号線三田線,35.76138349519607,139.7054958343506,67
板橋区,東坂下,志村三丁目,6号線三田線,35.7775053707084,139.6858835220337,8
板橋区,東坂下,志村坂上,6号線三田線,35.77579932253434,139.69528198242188,21
板橋区,東坂下,浮間舟渡,東北線,35.79118724914997,139.69146251678467,11
板橋区,東坂下,蓮根,6号線三田線,35.78418994141748,139.67901706695557,26
板橋区,東山町,ときわ台,東上本線,35.758702002424414,139.68961715698242,9
板橋区,東山町,中板橋,東上本線,35.75633385573727,139.69438076019287,1
板橋区,東新町,ときわ台,東上本線,35.758702002424414,139.68961715698242,27
板橋区,東新町,上板橋,東上本線,35.76357737660338,139.67631340026855,13
板橋区,東新町,小竹向原,西武有楽町線,35.74341228478872,139.67953205108645,5
板橋区,板橋,下板橋,東上本線,35.74564149258022,139.7148084640503,13
板橋区,板橋,新板橋,6号線三田線,35.74888069888655,139.71965789794922,73
板橋区,板橋,板橋,赤羽線,35.74550216892213,139.7197437286377,61
板橋区,板橋,板橋区役所前,6号線三田線,35.75121423894075,139.71017360687256,91
板橋区,栄町,中板橋,東上本線,35.75633385573727,139.69438076019287,10
板橋区,栄町,大山,東上本線,35.74846274418968,139.70266342163086,3
板橋区,桜川,上板橋,東上本線,35.76357737660338,139.67631340026855,11
板橋区,氷川町,大山,東上本線,35.74846274418968,139.70266342163086,3
板橋区,氷川町,板橋区役所前,6号線三田線,35.75121423894075,139.71017360687256,28
板橋区,氷川町,板橋本町,6号線三田線,35.76138349519607,139.7054958343506,6
板橋区,泉町,本蓮沼,6号線三田線,35.76862655631005,139.7023630142212,7
板橋区,清水町,本蓮沼,6号線三田線,35.76862655631005,139.7023630142212,3
板橋区,清水町,板橋本町,6号線三田線,35.76138349519607,139.7054958343506,65
板橋区,熊野町,下板橋,東上本線,35.74564149258022,139.7148084640503,18
板橋区,熊野町,北池袋,東上本線,35.74066052033598,139.71665382385254,1
板橋区,熊野町,大山,東上本線,35.74846274418968,139.70266342163086,35
板橋区,相生町,志村三丁目,6号線三田線,35.7775053707084,139.6858835220337,54
板橋区,相生町,蓮根,6号線三田線,35.78418994141748,139.67901706695557,3
板橋区,稲荷台,板橋本町,6号線三田線,35.76138349519607,139.7054958343506,7
板橋区,舟渡,浮間舟渡,東北線,35.79118724914997,139.69146251678467,81
板橋区,若木,上板橋,東上本線,35.76357737660338,139.67631340026855,40
板橋区,若木,志村三丁目,6号線三田線,35.7775053707084,139.6858835220337,5
板橋区,若木,東武練馬,東上本線,35.768731018712785,139.66232299804688,14
板橋区,蓮根,蓮根,6号線三田線,35.78418994141748,139.67901706695557,57
板橋区,蓮根,西台,6号線三田線,35.78711426435483,139.67279434204102,72
板橋区,蓮沼町,本蓮沼,6号線三田線,35.76862655631005,139.7023630142212,28
板橋区,西台,志村三丁目,6号線三田線,35.7775053707084,139.6858835220337,1
板橋区,西台,東武練馬,東上本線,35.768731018712785,139.66232299804688,19
板橋区,西台,西台,6号線三田線,35.78711426435483,139.67279434204102,4
板橋区,西台,高島平,6号線三田線,35.78895931751666,139.66125011444092,1
板橋区,赤塚,下赤塚,東上本線,35.77047203855885,139.64489936828613,25
板橋区,赤塚,成増,東上本線,35.7775750045502,139.63292598724365,22
板橋区,赤塚,西高島平,6号線三田線,35.791953086223586,139.64571475982666,6
板橋区,赤塚新町,下赤塚,東上本線,35.77008901746278,139.6438694000244,33
板橋区,赤塚新町,地下鉄成増,8号線有楽町線,35.776739394423714,139.6310806274414,25
板橋区,高島平,新高島平,6号線三田線,35.79021253674571,139.6543836593628,54
板橋区,高島平,西台,6号線三田線,35.78711426435483,139.67279434204102,96
板橋区,高島平,西高島平,6号線三田線,35.791953086223586,139.64571475982666,6
板橋区,高島平,高島平,6号線三田線,35.78895931751666,139.66125011444092,84
武蔵村山市,伊奈平,昭島,青梅線,35.71355578526119,139.3608856201172,1
武蔵村山市,伊奈平,西武立川,拝島線,35.72623832613016,139.3697690963745,11
武蔵村山市,大南,桜街道,多摩都市モノレール線,35.73909301705227,139.41667556762695,1
武蔵村山市,大南,武蔵砂川,拝島線,35.729025427145444,139.39221382141113,3
武蔵村山市,大南,玉川上水,拝島線,35.731916941372575,139.41813468933103,8
武蔵村山市,学園,武蔵砂川,拝島線,35.729025427145444,139.39221382141113,1
武蔵村山市,本町,上北台,多摩都市モノレール線,35.745745985163765,139.41577434539795,3
武蔵村山市,神明,上北台,多摩都市モノレール線,35.745745985163765,139.41577434539795,1
武蔵野市,中町,三鷹,中央線,35.702753128617985,139.56091403961182,270
武蔵野市,中町,吉祥寺,井の頭線,35.70313647374438,139.5798397064209,1
武蔵野市,八幡町,三鷹,中央線,35.702753128617985,139.56091403961182,11
武蔵野市,八幡町,吉祥寺,井の頭線,35.70313647374438,139.5798397064209,2
武蔵野市,吉祥寺北町,三鷹,中央線,35.702753128617985,139.56091403961182,39
武蔵野市,吉祥寺北町,吉祥寺,井の頭線,35.70313647374438,139.5798397064209,49
武蔵野市,吉祥寺南町,吉祥寺,井の頭線,35.70313647374438,139.5798397064209,67
武蔵野市,吉祥寺本町,三鷹,中央線,35.702753128617985,139.56091403961182,5
武蔵野市,吉祥寺本町,吉祥寺,井の頭線,35.70313647374438,139.5798397064209,142
武蔵野市,吉祥寺東町,吉祥寺,井の頭線,35.70313647374438,139.5798397064209,36
武蔵野市,境,東小金井,中央線,35.701603082179574,139.52370643615723,1
武蔵野市,境,武蔵境,多摩川線,35.70216068252442,139.54400539398193,72
武蔵野市,境南町,武蔵境,多摩川線,35.70216068252442,139.54400539398193,146
武蔵野市,御殿山,三鷹,中央線,35.702753128617985,139.56091403961182,9
武蔵野市,御殿山,吉祥寺,井の頭線,35.70313647374438,139.5798397064209,62
武蔵野市,桜堤,東小金井,中央線,35.701603082179574,139.52370643615723,25
武蔵野市,桜堤,武蔵境,多摩川線,35.70216068252442,139.54400539398193,53
武蔵野市,緑町,三鷹,中央線,35.702753128617985,139.56091403961182,20
武蔵野市,西久保,三鷹,中央線,35.702753128617985,139.56091403961182,69
武蔵野市,関前,三鷹,中央線,35.702753128617985,139.56091403961182,27
武蔵野市,関前,武蔵境,多摩川線,35.70216068252442,139.54400539398193,13
江戸川区,一之江,一之江,10号線新宿線,35.68605840327265,139.8832082748413,53
江戸川区,一之江町,一之江,10号線新宿線,35.68605840327265,139.8832082748413,4
江戸川区,一之江町,船堀,10号線新宿線,35.68386238603814,139.864239692688,1
江戸川区,上一色,小岩,総武線,35.73344974971248,139.88200664520264,5
江戸川区,上篠崎,篠崎,10号線新宿線,35.70599407932917,139.90380764007568,14
江戸川区,下篠崎町,篠崎,10号線新宿線,35.70599407932917,139.90380764007568,2
江戸川区,中央,新小岩,総武線,35.71707504428801,139.85793113708496,71
江戸川区,中葛西,葛西,5号線東西線,35.663572511338685,139.8725652694702,180
江戸川区,中葛西,西葛西,5号線東西線,35.664618507251205,139.85934734344482,38
江戸川区,北小岩,京成小岩,本線,35.742193160373674,139.88368034362793,47
江戸川区,北小岩,小岩,総武線,35.73344974971248,139.88200664520264,29
江戸川区,北小岩,新柴又,北総線,35.75100526799379,139.8792600631714,4
江戸川区,北小岩,江戸川,本線,35.737734489243906,139.8960828781128,14
江戸川区,北篠崎,小岩,総武線,35.73344974971248,139.88200664520264,1
江戸川区,北篠崎,新小岩,総武線,35.71707504428801,139.85793113708496,1
江戸川区,北篠崎,篠崎,10号線新宿線,35.70599407932917,139.90380764007568,2
江戸川区,北葛西,船堀,10号線新宿線,35.68386238603814,139.864239692688,10
江戸川区,北葛西,西葛西,5号線東西線,35.664618507251205,139.85934734344482,51
江戸川区,南小岩,小岩,総武線,35.73344974971248,139.88200664520264,112
江戸川区,南篠崎町,瑞江,10号線新宿線,35.69330831663373,139.89771366119385,58
江戸川区,南葛西,葛西,5号線東西線,35.663572511338685,139.8725652694702,123
江戸川区,南葛西,葛西臨海公園,京葉線,35.64442836634474,139.86153602600098,42
江戸川区,南葛西,西葛西,5号線東西線,35.664618507251205,139.85934734344482,4
江戸川区,大杉,一之江,10号線新宿線,35.68605840327265,139.8832082748413,7
江戸川区,大杉,新小岩,総武線,35.71707504428801,139.85793113708496,3
江戸川区,宇喜田町,船堀,10号線新宿線,35.68386238603814,139.864239692688,11
江戸川区,小松川,平井,総武線,35.70662134489369,139.84256744384766,36
江戸川区,小松川,東大島,10号線新宿線,35.68992742941708,139.84737396240234,56
江戸川区,平井,小村井,亀戸線,35.71031514198906,139.8277187347412,1
江戸川区,平井,平井,総武線,35.70662134489369,139.84256744384766,236
江戸川区,新堀,瑞江,10号線新宿線,35.69330831663373,139.89771366119385,7
江戸川区,新堀,篠崎,10号線新宿線,35.70599407932917,139.90380764007568,8
江戸川区,春江町,一之江,10号線新宿線,35.68605840327265,139.8832082748413,20
江戸川区,春江町,瑞江,10号線新宿線,35.69330831663373,139.89771366119385,14
江戸川区,本一色,新小岩,総武線,35.71707504428801,139.85793113708496,53
江戸川区,東小岩,小岩,総武線,35.73344974971248,139.88200664520264,43
江戸川区,東小岩,江戸川,本線,35.737734489243906,139.8960828781128,4
江戸川区,東小松川,新小岩,総武線,35.71707504428801,139.85793113708496,3
江戸川区,東小松川,船堀,10号線新宿線,35.68386238603814,139.864239692688,37
江戸川区,東瑞江,瑞江,10号線新宿線,35.69330831663373,139.89771366119385,13
江戸川区,東葛西,葛西,5号線東西線,35.663572511338685,139.8725652694702,186
江戸川区,東葛西,西葛西,5号線東西線,35.664618507251205,139.85934734344482,1
江戸川区,松島,新小岩,総武線,35.71707504428801,139.85793113708496,56
江戸川区,松江,一之江,10号線新宿線,35.68605840327265,139.8832082748413,18
江戸川区,松江,新小岩,総武線,35.71707504428801,139.85793113708496,22
江戸川区,松江,船堀,10号線新宿線,35.68386238603814,139.864239692688,63
江戸川区,江戸川,一之江,10号線新宿線,35.68605840327265,139.8832082748413,8
江戸川区,江戸川,瑞江,10号線新宿線,35.69330831663373,139.89771366119385,15
江戸川区,江戸川,船堀,10号線新宿線,35.68386238603814,139.864239692688,1
江戸川区,江戸川,葛西,5号線東西線,35.663572511338685,139.8725652694702,4
江戸川区,清新町,南砂町,5号線東西線,35.668767489380585,139.83046531677246,1
江戸川区,清新町,西葛西,5号線東西線,35.664618507251205,139.85934734344482,119
江戸川区,瑞江,瑞江,10号線新宿線,35.69330831663373,139.89771366119385,28
江戸川区,篠崎町,篠崎,10号線新宿線,35.70599407932917,139.90380764007568,89
江戸川区,臨海町,葛西臨海公園,京葉線,35.64442836634474,139.86153602600098,23
江戸川区,臨海町,西葛西,5号線東西線,35.664618507251205,139.85934734344482,1
江戸川区,船堀,東大島,10号線新宿線,35.68992742941708,139.84737396240234,1
江戸川区,船堀,船堀,10号線新宿線,35.68386238603814,139.864239692688,180
江戸川区,西一之江,一之江,10号線新宿線,35.68605840327265,139.8832082748413,10
江戸川区,西一之江,新小岩,総武線,35.71707504428801,139.85793113708496,4
江戸川区,西一之江,船堀,10号線新宿線,35.68386238603814,139.864239692688,2
江戸川区,西小岩,京成小岩,本線,35.742193160373674,139.88368034362793,4
江戸川区,西小岩,小岩,総武線,35.73344974971248,139.88200664520264,132
江戸川区,西小岩,新小岩,総武線,35.71707504428801,139.85793113708496,1
江戸川区,西小松川町,新小岩,総武線,35.71707504428801,139.85793113708496,3
江戸川区,西小松川町,船堀,10号線新宿線,35.68386238603814,139.864239692688,2
江戸川区,西瑞江,一之江,10号線新宿線,35.68605840327265,139.8832082748413,40
江戸川区,西葛西,小岩,総武線,35.73344974971248,139.88200664520264,1
江戸川区,西葛西,西葛西,5号線東西線,35.664618507251205,139.85934734344482,386
江戸川区,谷河内,瑞江,10号線新宿線,35.69330831663373,139.89771366119385,5
江戸川区,谷河内,篠崎,10号線新宿線,35.70599407932917,139.90380764007568,2
江戸川区,鹿骨,小岩,総武線,35.73344974971248,139.88200664520264,1
江戸川区,鹿骨,篠崎,10号線新宿線,35.70599407932917,139.90380764007568,8
江東区,三好,住吉,11号線半蔵門線,35.68902118787065,139.8157024383545,1
江東区,三好,清澄白河,12号線大江戸線,35.68271206717225,139.7986650466919,39
江東区,亀戸,亀戸,亀戸線,35.69745580725804,139.8263454437256,556
江東区,亀戸,亀戸水神,亀戸線,35.70003481030257,139.83346939086914,28
江東区,亀戸,大島,10号線新宿線,35.68975315299622,139.83484268188477,16
江東区,亀戸,小村井,亀戸線,35.71031514198906,139.8277187347412,1
江東区,亀戸,平井,総武線,35.70662134489369,139.84256744384766,45
江東区,亀戸,押上,伊勢崎線,35.71031514198906,139.81329917907715,16
江東区,亀戸,東大島,10号線新宿線,35.68992742941708,139.84737396240234,64
江東区,亀戸,錦糸町,11号線半蔵門線,35.69679361734295,139.81428623199463,60
江東区,住吉,住吉,11号線半蔵門線,35.68902118787065,139.8157024383545,23
江東区,住吉,菊川,10号線新宿線,35.68839378384561,139.80591773986816,6
江東区,佐賀,水天宮前,11号線半蔵門線,35.68260749190749,139.78557586669922,16
江東区,佐賀,清澄白河,12号線大江戸線,35.68271206717225,139.7986650466919,4
江東区,佐賀,門前仲町,12号線大江戸線,35.67239331399702,139.79488849639893,23
江東区,冬木,門前仲町,12号線大江戸線,35.67239331399702,139.79488849639893,34
江東区,北砂,住吉,11号線半蔵門線,35.68902118787065,139.8157024383545,10
江東区,北砂,南砂町,5号線東西線,35.668767489380585,139.83046531677246,29
江東区,北砂,大島,10号線新宿線,35.68975315299622,139.83484268188477,55
江東区,北砂,西大島,10号線新宿線,35.68936974353004,139.82630252838135,123
江東区,千田,住吉,11号線半蔵門線,35.68902118787065,139.8157024383545,4
江東区,千石,住吉,11号線半蔵門線,35.68902118787065,139.8157024383545,6
江東区,千石,木場,5号線東西線,35.66942991194307,139.8067331314087,21
江東区,千石,東陽町,5号線東西線,35.669569368624195,139.81754779815674,56
江東区,千石,清澄白河,12号線大江戸線,35.68271206717225,139.7986650466919,17
江東区,南砂,住吉,11号線半蔵門線,35.68902118787065,139.8157024383545,22
江東区,南砂,南砂町,5号線東西線,35.668767489380585,139.83046531677246,231
江東区,南砂,東陽町,5号線東西線,35.669569368624195,139.81754779815674,180
江東区,古石場,木場,5号線東西線,35.66942991194307,139.8067331314087,6
江東区,古石場,門前仲町,12号線大江戸線,35.67239331399702,139.79488849639893,40
江東区,塩浜,木場,5号線東西線,35.66942991194307,139.8067331314087,92
江東区,塩浜,東陽町,5号線東西線,35.669569368624195,139.81754779815674,50
江東区,塩浜,豊洲,8号線有楽町線,35.655413272930545,139.79561805725098,85
江東区,塩浜,越中島,京葉線,35.66807019653416,139.79252815246582,24
江東区,大島,亀戸,亀戸線,35.69745580725804,139.8263454437256,45
江東区,大島,住吉,11号線半蔵門線,35.68902118787065,139.8157024383545,51
江東区,大島,大島,10号線新宿線,35.68975315299622,139.83484268188477,184
江東区,大島,東大島,10号線新宿線,35.68992742941708,139.84737396240234,142
江東区,大島,西大島,10号線新宿線,35.68936974353004,139.82630252838135,132
江東区,大島,錦糸町,11号線半蔵門線,35.69679361734295,139.81428623199463,3
江東区,富岡,木場,5号線東西線,35.66942991194307,139.8067331314087,2
江東区,富岡,門前仲町,12号線大江戸線,35.67239331399702,139.79488849639893,58
江東区,常盤,森下,10号線新宿線,35.68801036784549,139.79780673980713,2
江東区,常盤,清澄白河,12号線大江戸線,35.68271206717225,139.7986650466919,3
江東区,平野,木場,5号線東西線,35.66942991194307,139.8067331314087,18
江東区,平野,清澄白河,12号線大江戸線,35.68271206717225,139.7986650466919,74
江東区,扇橋,住吉,11号線半蔵門線,35.68902118787065,139.8157024383545,169
江東区,扇橋,清澄白河,12号線大江戸線,35.68271206717225,139.7986650466919,20
江東区,新大橋,両国,総武線,35.69592230644545,139.79257106781006,1
江東区,新大橋,森下,10号線新宿線,35.68801036784549,139.79780673980713,126
江東区,新砂,南砂町,5号線東西線,35.668767489380585,139.83046531677246,81
江東区,新砂,東陽町,5号線東西線,35.669569368624195,139.81754779815674,19
江東区,有明,お台場海浜公園,東京臨海新交通臨海線,35.62984923763709,139.77862358093262,33
江東区,有明,国際展示場,臨海副都心線,35.63452321924382,139.79162693023682,24
江東区,有明,有明,東京臨海新交通臨海線,35.63473249560968,139.79312896728516,179
江東区,有明,有明テニスの森,東京臨海新交通臨海線,35.64006885779581,139.78875160217285,632
江東区,木場,木場,5号線東西線,35.66942991194307,139.8067331314087,139
江東区,東砂,亀戸,亀戸線,35.69745580725804,139.8263454437256,1
江東区,東砂,南砂町,5号線東西線,35.668767489380585,139.83046531677246,259
江東区,東砂,大島,10号線新宿線,35.68975315299622,139.83484268188477,102
江東区,東砂,東大島,10号線新宿線,35.68992742941708,139.84737396240234,87
江東区,東陽,新豊洲,東京臨海新交通臨海線,35.648717890581025,139.79008197784424,1
江東区,東陽,木場,5号線東西線,35.66942991194307,139.8067331314087,77
江東区,東陽,東陽町,5号線東西線,35.669569368624195,139.81754779815674,339
江東区,東雲,大崎,臨海副都心線,35.61945388097038,139.7283697128296,1
江東区,東雲,東雲,臨海副都心線,35.640626888163794,139.8033857345581,182
江東区,東雲,豊洲,8号線有楽町線,35.655413272930545,139.79561805725098,173
江東区,東雲,辰巳,8号線有楽町線,35.64571873525347,139.81029510498047,248
江東区,枝川,木場,5号線東西線,35.66942991194307,139.8067331314087,2
江東区,枝川,潮見,京葉線,35.6589002289608,139.81724739074707,49
江東区,枝川,豊洲,8号線有楽町線,35.655413272930545,139.79561805725098,101
江東区,森下,森下,10号線新宿線,35.68801036784549,139.79780673980713,41
江東区,森下,清澄白河,12号線大江戸線,35.68271206717225,139.7986650466919,8
江東区,森下,菊川,10号線新宿線,35.68839378384561,139.80591773986816,30
江東区,毛利,住吉,11号線半蔵門線,35.68902118787065,139.8157024383545,31
江東区,毛利,錦糸町,11号線半蔵門線,35.69679361734295,139.81428623199463,22
江東区,永代,門前仲町,12号線大江戸線,35.67239331399702,139.79488849639893,40
江東区,海辺,住吉,11号線半蔵門線,35.68902118787065,139.8157024383545,3
江東区,深川,清澄白河,12号線大江戸線,35.68271206717225,139.7986650466919,5
江東区,深川,門前仲町,12号線大江戸線,35.67239331399702,139.79488849639893,50
江東区,清澄,清澄白河,12号線大江戸線,35.68271206717225,139.7986650466919,37
江東区,潮見,潮見,京葉線,35.6589002289608,139.81724739074707,69
江東区,牡丹,木場,5号線東西線,35.66942991194307,139.8067331314087,1
江東区,牡丹,門前仲町,12号線大江戸線,35.67239331399702,139.79488849639893,49
江東区,猿江,住吉,11号線半蔵門線,35.68902118787065,139.8157024383545,66
江東区,猿江,菊川,10号線新宿線,35.68839378384561,139.80591773986816,1
江東区,白河,清澄白河,12号線大江戸線,35.68271206717225,139.7986650466919,215
江東区,白河,菊川,10号線新宿線,35.68839378384561,139.80591773986816,3
江東区,石島,清澄白河,12号線大江戸線,35.68271206717225,139.7986650466919,2
江東区,福住,清澄白河,12号線大江戸線,35.68271206717225,139.7986650466919,13
江東区,福住,門前仲町,12号線大江戸線,35.67239331399702,139.79488849639893,11
江東区,豊洲,新豊洲,東京臨海新交通臨海線,35.648717890581025,139.79008197784424,191
江東区,豊洲,豊洲,8号線有楽町線,35.655413272930545,139.79561805725098,1154
江東区,豊洲,越中島,京葉線,35.66807019653416,139.79252815246582,1
江東区,越中島,月島,12号線大江戸線,35.66479283857099,139.78437423706055,1
江東区,越中島,越中島,京葉線,35.66807019653416,139.79252815246582,60
江東区,越中島,門前仲町,12号線大江戸線,35.67239331399702,139.79488849639893,44
江東区,辰巳,辰巳,8号線有楽町線,35.64571873525347,139.81029510498047,110
江東区,門前仲町,門前仲町,12号線大江戸線,35.67239331399702,139.79488849639893,26
江東区,高橋,森下,10号線新宿線,35.68801036784549,139.79780673980713,3
江東区,高橋,清澄白河,12号線大江戸線,35.68271206717225,139.7986650466919,23
清瀬市,上清戸,清瀬,池袋線,35.772073743155886,139.51984405517578,7
清瀬市,下清戸,清瀬,池袋線,35.772073743155886,139.51984405517578,3
清瀬市,中清戸,清瀬,池袋線,35.772073743155886,139.51984405517578,4
清瀬市,中里,清瀬,池袋線,35.772073743155886,139.51984405517578,23
清瀬市,元町,清瀬,池袋線,35.772073743155886,139.51984405517578,60
清瀬市,旭が丘,新座,武蔵野線,35.8038226170404,139.55627918243408,1
清瀬市,旭が丘,清瀬,池袋線,35.772073743155886,139.51984405517578,4
清瀬市,松山,清瀬,池袋線,35.772073743155886,139.51984405517578,49
清瀬市,梅園,秋津,池袋線,35.77834097278475,139.4967555999756,6
清瀬市,竹丘,清瀬,池袋線,35.772073743155886,139.51984405517578,26
清瀬市,野塩,清瀬,池袋線,35.772073743155886,139.51984405517578,3
清瀬市,野塩,秋津,池袋線,35.77834097278475,139.4967555999756,11
渋谷区,上原,代々木上原,小田原線,35.66904640481374,139.67970371246338,98
渋谷区,上原,代々木八幡,小田原線,35.66988314526597,139.68931674957275,8
渋谷区,上原,代々木公園,9号線千代田線,35.66894181164051,139.69103336334229,2
渋谷区,上原,東北沢,小田原線,35.665420428170364,139.67305183410645,6
渋谷区,上原,駒場東大前,井の頭線,35.65876075364281,139.68395233154297,6
渋谷区,代々木,代々木,中央線,35.683897243926694,139.70210552215576,104
渋谷区,代々木,代々木八幡,小田原線,35.66988314526597,139.68931674957275,60
渋谷区,代々木,代々木公園,9号線千代田線,35.66894181164051,139.69103336334229,13
渋谷区,代々木,初台,京王線,35.681422295994324,139.68682765960693,50
渋谷区,代々木,南新宿,小田原線,35.68354866435587,139.6986722946167,29
渋谷区,代々木,参宮橋,小田原線,35.67873811075596,139.69369411468506,148
渋谷区,代々木,新宿,小田原線,35.690380546329266,139.7000026702881,66
渋谷区,代官山町,代官山,東横線,35.64829941055024,139.70352172851562,49
渋谷区,代官山町,渋谷,山手線,35.65903970403521,139.7013759613037,5
渋谷区,元代々木町,代々木上原,小田原線,35.66904640481374,139.67970371246338,27
渋谷区,元代々木町,代々木八幡,小田原線,35.66988314526597,139.68931674957275,21
渋谷区,元代々木町,代々木公園,9号線千代田線,35.66894181164051,139.69103336334229,3
渋谷区,円山町,渋谷,山手線,35.65903970403521,139.7013759613037,44
渋谷区,円山町,神泉,井の頭線,35.65729624809629,139.69356536865234,26
渋谷区,初台,代々木上原,小田原線,35.66904640481374,139.67970371246338,1
渋谷区,初台,代々木八幡,小田原線,35.66988314526597,139.68931674957275,4
渋谷区,初台,代々木公園,9号線千代田線,35.66894181164051,139.69103336334229,2
渋谷区,初台,初台,京王線,35.681422295994324,139.68682765960693,151
渋谷区,初台,幡ヶ谷,京王線,35.67730883242672,139.67695713043213,1
渋谷区,千駄ケ谷,代々木,中央線,35.683897243926694,139.70210552215576,69
渋谷区,千駄ケ谷,北参道,13号線副都心線,35.6783546483511,139.70553874969482,99
渋谷区,千駄ケ谷,千駄ヶ谷,中央線,35.68096912819847,139.71137523651123,39
渋谷区,千駄ケ谷,原宿,山手線,35.67012719291239,139.7023630142212,18
渋谷区,千駄ケ谷,国立競技場,12号線大江戸線,35.67999306574279,139.7143793106079,2
渋谷区,千駄ケ谷,新宿,小田原線,35.690380546329266,139.7000026702881,6
渋谷区,南平台町,代官山,東横線,35.64829941055024,139.70352172851562,1
渋谷区,南平台町,渋谷,山手線,35.65903970403521,139.7013759613037,36
渋谷区,南平台町,神泉,井の頭線,35.65729624809629,139.69356536865234,4
渋谷区,大山町,代々木上原,小田原線,35.66904640481374,139.67970371246338,54
渋谷区,大山町,東北沢,小田原線,35.665420428170364,139.67305183410645,1
渋谷区,宇田川町,原宿,山手線,35.67012719291239,139.7023630142212,1
渋谷区,宇田川町,渋谷,山手線,35.65903970403521,139.7013759613037,93
渋谷区,富ケ谷,代々木上原,小田原線,35.66904640481374,139.67970371246338,5
渋谷区,富ケ谷,代々木八幡,小田原線,35.66988314526597,139.68931674957275,40
渋谷区,富ケ谷,代々木公園,9号線千代田線,35.66894181164051,139.69103336334229,97
渋谷区,富ケ谷,駒場東大前,井の頭線,35.65876075364281,139.68395233154297,5
渋谷区,幡ケ谷,幡ヶ谷,京王線,35.67730883242672,139.67695713043213,155
渋谷区,幡ケ谷,笹塚,京王線,35.67378781807109,139.66734409332275,48
渋谷区,広尾,広尾,2号線日比谷線,35.65189129280239,139.72214698791504,188
渋谷区,広尾,恵比寿,山手線,35.64645109752553,139.7103452682495,83
渋谷区,広尾,渋谷,山手線,35.65903970403521,139.7013759613037,1
渋谷区,広尾,表参道,9号線千代田線,35.66517636613462,139.71249103546145,13
渋谷区,恵比寿,広尾,2号線日比谷線,35.65189129280239,139.72214698791504,58
渋谷区,恵比寿,恵比寿,山手線,35.64645109752553,139.7103452682495,171
渋谷区,恵比寿,白金台,6号線三田線,35.63787157534247,139.72600936889648,2
渋谷区,恵比寿南,代官山,東横線,35.64829941055024,139.70352172851562,8
渋谷区,恵比寿南,恵比寿,山手線,35.64645109752553,139.7103452682495,92
渋谷区,恵比寿西,代官山,東横線,35.64829941055024,139.70352172851562,75
渋谷区,恵比寿西,恵比寿,山手線,35.64645109752553,139.7103452682495,40
渋谷区,本町,初台,京王線,35.681422295994324,139.68682765960693,51
渋谷区,本町,幡ヶ谷,京王線,35.67730883242672,139.67695713043213,42
渋谷区,本町,西新宿五丁目,12号線大江戸線,35.68985771889443,139.6844244003296,125
渋谷区,東,広尾,2号線日比谷線,35.65189129280239,139.72214698791504,1
渋谷区,東,恵比寿,山手線,35.64645109752553,139.7103452682495,43
渋谷区,東,渋谷,山手線,35.65903970403521,139.7013759613037,29
渋谷区,東,表参道,9号線千代田線,35.66517636613462,139.71249103546145,15
渋谷区,松濤,渋谷,山手線,35.65903970403521,139.7013759613037,15
渋谷区,松濤,神泉,井の頭線,35.65729624809629,139.69356536865234,61
渋谷区,桜丘町,渋谷,山手線,35.65903970403521,139.7013759613037,61
渋谷区,渋谷,渋谷,山手線,35.65903970403521,139.7013759613037,112
渋谷区,渋谷,表参道,9号線千代田線,35.66517636613462,139.71249103546145,37
渋谷区,猿楽町,代官山,東横線,35.64829941055024,139.70352172851562,40
渋谷区,猿楽町,渋谷,山手線,35.65903970403521,139.7013759613037,1
渋谷区,神南,原宿,山手線,35.67012719291239,139.7023630142212,1
渋谷区,神南,渋谷,山手線,35.65903970403521,139.7013759613037,15
渋谷区,神宮前,北参道,13号線副都心線,35.6783546483511,139.70553874969482,8
渋谷区,神宮前,千駄ヶ谷,中央線,35.68096912819847,139.71137523651123,1
渋谷区,神宮前,原宿,山手線,35.67012719291239,139.7023630142212,74
渋谷区,神宮前,外苑前,3号線銀座線,35.67037123981267,139.7177696228027,70
渋谷区,神宮前,明治神宮前,9号線千代田線,35.66859316673997,139.70510959625244,62
渋谷区,神宮前,渋谷,山手線,35.65903970403521,139.7013759613037,6
渋谷区,神宮前,表参道,9号線千代田線,35.66517636613462,139.71249103546145,34
渋谷区,神山町,代々木八幡,小田原線,35.66988314526597,139.68931674957275,3
渋谷区,神山町,代々木公園,9号線千代田線,35.66894181164051,139.69103336334229,16
渋谷区,神山町,渋谷,山手線,35.65903970403521,139.7013759613037,11
渋谷区,神山町,神泉,井の頭線,35.65729624809629,139.69356536865234,8
渋谷区,神泉町,渋谷,山手線,35.65903970403521,139.7013759613037,1
渋谷区,神泉町,神泉,井の頭線,35.65729624809629,139.69356536865234,45
渋谷区,笹塚,笹塚,京王線,35.67378781807109,139.66734409332275,145
渋谷区,西原,代々木上原,小田原線,35.66904640481374,139.67970371246338,29
渋谷区,西原,代々木八幡,小田原線,35.66988314526597,139.68931674957275,3
渋谷区,西原,幡ヶ谷,京王線,35.67730883242672,139.67695713043213,30
渋谷区,道玄坂,渋谷,山手線,35.65903970403521,139.7013759613037,31
渋谷区,道玄坂,神泉,井の頭線,35.65729624809629,139.69356536865234,3
渋谷区,鉢山町,代官山,東横線,35.64829941055024,139.70352172851562,7
渋谷区,鉢山町,渋谷,山手線,35.65903970403521,139.7013759613037,1
渋谷区,鶯谷町,渋谷,山手線,35.65903970403521,139.7013759613037,15
港区,三田,三田,6号線三田線,35.64746244391219,139.74828243255615,54
港区,三田,泉岳寺,本線,35.63835986555311,139.7398281097412,44
港区,三田,田町,東海道線,35.6457536097996,139.74768161773682,17
港区,三田,白金高輪,6号線三田線,35.64289384646166,139.73416328430176,212
港区,三田,芝公園,6号線三田線,35.65380922203195,139.7497844696045,1
港区,三田,赤羽橋,12号線大江戸線,35.65502969847246,139.74390506744385,37
港区,三田,高輪ゲートウェイ,東海道線,35.63546495857506,139.7406005859375,3
港区,三田,麻布十番,12号線大江戸線,35.65652911542493,139.736008644104,110
港区,元赤坂,永田町,11号線半蔵門線,35.67856380989126,139.74012851715088,1
港区,元赤坂,赤坂見附,4号線丸ノ内線,35.67671619731908,139.73721027374268,13
港区,元麻布,六本木,2号線日比谷線,35.66329357678096,139.73214626312256,8
港区,元麻布,広尾,2号線日比谷線,35.65189129280239,139.72214698791504,17
港区,元麻布,麻布十番,12号線大江戸線,35.65652911542493,139.736008644104,44
港区,六本木,乃木坂,9号線千代田線,35.66664072715777,139.7262668609619,34
港区,六本木,六本木,2号線日比谷線,35.66329357678096,139.73214626312256,163
港区,六本木,六本木一丁目,7号線南北線,35.66472310608874,139.7387981414795,74
港区,六本木,神谷町,2号線日比谷線,35.662910040172974,139.7449779510498,3
港区,六本木,麻布十番,12号線大江戸線,35.65652911542493,139.736008644104,27
港区,北青山,外苑前,3号線銀座線,35.67037123981267,139.7177696228027,10
港区,北青山,青山一丁目,12号線大江戸線,35.67284653049357,139.72407817840576,14
港区,南青山,乃木坂,9号線千代田線,35.66664072715777,139.7262668609619,17
港区,南青山,外苑前,3号線銀座線,35.67037123981267,139.7177696228027,60
港区,南青山,広尾,2号線日比谷線,35.65189129280239,139.72214698791504,4
港区,南青山,渋谷,山手線,35.65903970403521,139.7013759613037,1
港区,南青山,表参道,9号線千代田線,35.66517636613462,139.71249103546145,194
港区,南青山,青山一丁目,12号線大江戸線,35.67284653049357,139.72407817840576,46
港区,南麻布,広尾,2号線日比谷線,35.65189129280239,139.72214698791504,106
港区,南麻布,白金高輪,6号線三田線,35.64289384646166,139.73416328430176,54
港区,南麻布,麻布十番,12号線大江戸線,35.65652911542493,139.736008644104,213
港区,台場,お台場海浜公園,東京臨海新交通臨海線,35.62984923763709,139.77862358093262,43
港区,台場,東京テレポート,臨海副都心線,35.62740749678248,139.77879524230957,1
港区,新橋,御成門,6号線三田線,35.66067851791178,139.7512435913086,19
港区,新橋,新橋,東京臨海新交通臨海線,35.66643153437036,139.7581958770752,46
港区,東新橋,モノレール浜松町,東京モノレール羽田線,35.6553784026014,139.75699424743652,6
港区,東新橋,新橋,東京臨海新交通臨海線,35.66643153437036,139.7581958770752,7
港区,東新橋,汐留,東京臨海新交通臨海線,35.66297977423875,139.75995540618896,58
港区,東麻布,赤羽橋,12号線大江戸線,35.65502969847246,139.74390506744385,95
港区,東麻布,麻布十番,12号線大江戸線,35.65652911542493,139.736008644104,28
港区,浜松町,モノレール浜松町,東京モノレール羽田線,35.6553784026014,139.75699424743652,63
港区,浜松町,大門,12号線大江戸線,35.656633724859475,139.75605010986328,14
港区,海岸,モノレール浜松町,東京モノレール羽田線,35.6553784026014,139.75699424743652,90
港区,海岸,大門,12号線大江戸線,35.656633724859475,139.75605010986328,1
港区,海岸,日の出,東京臨海新交通臨海線,35.649206114512936,139.75905418395996,19
港区,海岸,田町,東海道線,35.6457536097996,139.74768161773682,32
港区,海岸,竹芝,東京臨海新交通臨海線,35.65398357695099,139.7618865966797,2
港区,海岸,芝浦ふ頭,東京臨海新交通臨海線,35.64191731846458,139.75780963897705,25
港区,港南,北品川,本線,35.62203540439799,139.73918437957764,2
港区,港南,品川,本線,35.6286981405259,139.7385835647583,618
港区,港南,天王洲アイル,東京モノレール羽田線,35.62315171304253,139.75055694580078,30
港区,白金,広尾,2号線日比谷線,35.65189129280239,139.72214698791504,44
港区,白金,恵比寿,山手線,35.64645109752553,139.7103452682495,1
港区,白金,白金台,6号線三田線,35.63787157534247,139.72600936889648,99
港区,白金,白金高輪,6号線三田線,35.64289384646166,139.73416328430176,312
港区,白金台,広尾,2号線日比谷線,35.65189129280239,139.72214698791504,1
港区,白金台,白金台,6号線三田線,35.63787157534247,139.72600936889648,132
港区,白金台,白金高輪,6号線三田線,35.64289384646166,139.73416328430176,9
港区,白金台,目黒,山手線,35.633965146256,139.71579551696777,1
港区,白金台,高輪台,1号線浅草線,35.63176769598981,139.7303867340088,50
港区,芝,モノレール浜松町,東京モノレール羽田線,35.6553784026014,139.75699424743652,55
港区,芝,三田,6号線三田線,35.64746244391219,139.74828243255615,132
港区,芝,田町,東海道線,35.6457536097996,139.74768161773682,46
港区,芝,芝公園,6号線三田線,35.65380922203195,139.7497844696045,85
港区,芝,赤羽橋,12号線大江戸線,35.65502969847246,139.74390506744385,10
港区,芝公園,大門,12号線大江戸線,35.656633724859475,139.75605010986328,1
港区,芝公園,御成門,6号線三田線,35.66067851791178,139.7512435913086,5
港区,芝公園,神谷町,2号線日比谷線,35.662910040172974,139.7449779510498,3
港区,芝公園,芝公園,6号線三田線,35.65380922203195,139.7497844696045,13
港区,芝大門,モノレール浜松町,東京モノレール羽田線,35.6553784026014,139.75699424743652,12
港区,芝大門,大門,12号線大江戸線,35.656633724859475,139.75605010986328,37
港区,芝大門,芝公園,6号線三田線,35.65380922203195,139.7497844696045,1
港区,芝浦,モノレール浜松町,東京モノレール羽田線,35.6553784026014,139.75699424743652,8
港区,芝浦,三田,6号線三田線,35.64746244391219,139.74828243255615,13
港区,芝浦,泉岳寺,本線,35.63835986555311,139.7398281097412,3
港区,芝浦,田町,東海道線,35.6457536097996,139.74768161773682,732
港区,芝浦,芝浦ふ頭,東京臨海新交通臨海線,35.64191731846458,139.75780963897705,1
港区,虎ノ門,神谷町,2号線日比谷線,35.662910040172974,139.7449779510498,108
港区,虎ノ門,虎ノ門,3号線銀座線,35.6701969206743,139.74999904632568,3
港区,虎ノ門,虎ノ門ヒルズ,2号線日比谷線,35.66730316736823,139.74772453308103,3
港区,西新橋,御成門,6号線三田線,35.66067851791178,139.7512435913086,4
港区,西新橋,新橋,東京臨海新交通臨海線,35.66643153437036,139.7581958770752,1
港区,西新橋,虎ノ門,3号線銀座線,35.6701969206743,139.74999904632568,6
港区,西新橋,虎ノ門ヒルズ,2号線日比谷線,35.66730316736823,139.74772453308103,29
港区,西麻布,乃木坂,9号線千代田線,35.66664072715777,139.7262668609619,30
港区,西麻布,六本木,2号線日比谷線,35.66329357678096,139.73214626312256,71
港区,西麻布,広尾,2号線日比谷線,35.65189129280239,139.72214698791504,97
港区,西麻布,日比谷,2号線日比谷線,35.67483368013731,139.75974082946777,2
港区,西麻布,表参道,9号線千代田線,35.66517636613462,139.71249103546145,12
港区,赤坂,乃木坂,9号線千代田線,35.66664072715777,139.7262668609619,114
港区,赤坂,六本木,2号線日比谷線,35.66329357678096,139.73214626312256,24
港区,赤坂,六本木一丁目,7号線南北線,35.66472310608874,139.7387981414795,4
港区,赤坂,国会議事堂前,9号線千代田線,35.67291625588,139.74133014678955,40
港区,赤坂,赤坂,9号線千代田線,35.672149273279075,139.73626613616943,296
港区,赤坂,赤坂見附,4号線丸ノ内線,35.67671619731908,139.73721027374268,18
港区,赤坂,青山一丁目,12号線大江戸線,35.67284653049357,139.72407817840576,45
港区,高輪,品川,本線,35.6286981405259,139.7385835647583,88
港区,高輪,泉岳寺,本線,35.63835986555311,139.7398281097412,114
港区,高輪,白金台,6号線三田線,35.63787157534247,139.72600936889648,5
港区,高輪,白金高輪,6号線三田線,35.64289384646166,139.73416328430176,155
港区,高輪,高輪ゲートウェイ,東海道線,35.63546495857506,139.7406005859375,25
港区,高輪,高輪台,1号線浅草線,35.63176769598981,139.7303867340088,119
港区,麻布十番,六本木一丁目,7号線南北線,35.66472310608874,139.7387981414795,1
港区,麻布十番,麻布十番,12号線大江戸線,35.65652911542493,139.736008644104,126
港区,麻布台,六本木,2号線日比谷線,35.66329357678096,139.73214626312256,1
港区,麻布台,六本木一丁目,7号線南北線,35.66472310608874,139.7387981414795,16
港区,麻布台,神谷町,2号線日比谷線,35.662910040172974,139.7449779510498,2
港区,麻布台,麻布十番,12号線大江戸線,35.65652911542493,139.736008644104,11
港区,麻布永坂町,麻布十番,12号線大江戸線,35.65652911542493,139.736008644104,2
港区,麻布狸穴町,麻布十番,12号線大江戸線,35.65652911542493,139.736008644104,15
狛江市,中和泉,国領,京王線,35.65025229860521,139.55833911895752,12
狛江市,中和泉,狛江,小田原線,35.63232578432,139.57730770111084,8
狛江市,和泉本町,喜多見,小田原線,35.63661595824438,139.58709239959717,2
狛江市,和泉本町,柴崎,京王線,35.65398357695099,139.5664930343628,10
狛江市,和泉本町,狛江,小田原線,35.63232578432,139.57730770111084,99
狛江市,岩戸北,喜多見,小田原線,35.63661595824438,139.58709239959717,75
狛江市,岩戸北,狛江,小田原線,35.63232578432,139.57730770111084,29
狛江市,岩戸南,喜多見,小田原線,35.63661595824438,139.58709239959717,29
狛江市,岩戸南,本厚木,小田原線,35.43937945094912,139.36431884765625,1
狛江市,岩戸南,狛江,小田原線,35.63232578432,139.57730770111084,33
狛江市,東和泉,和泉多摩川,小田原線,35.627442379319774,139.57361698150635,10
狛江市,東和泉,狛江,小田原線,35.63232578432,139.57730770111084,18
狛江市,東野川,喜多見,小田原線,35.63661595824438,139.58709239959717,41
狛江市,猪方,和泉多摩川,小田原線,35.627442379319774,139.57361698150635,19
狛江市,西和泉,狛江,小田原線,35.63232578432,139.57730770111084,4
狛江市,西野川,つつじヶ丘,京王線,35.65802850422668,139.5751190185547,2
狛江市,西野川,喜多見,小田原線,35.63661595824438,139.58709239959717,1
狛江市,西野川,柴崎,京王線,35.65398357695099,139.5664930343628,11
町田市,三輪町,鶴川,小田原線,35.58319909861132,139.48100566864014,4
町田市,三輪緑山,鶴川,小田原線,35.58319909861132,139.48100566864014,45
町田市,中町,町田,横浜線,35.54210911805369,139.44538593292236,65
町田市,南つくし野,すずかけ台,田園都市線,35.516928046495536,139.48143482208252,6
町田市,南つくし野,つくし野,田園都市線,35.52765104995484,139.48508262634277,1
町田市,南つくし野,南町田グランベリーパーク,田園都市線,35.5115136080092,139.470534324646,1
町田市,南大谷,玉川学園前,小田原線,35.563267678037334,139.46332454681396,36
町田市,南大谷,町田,横浜線,35.54210911805369,139.44538593292236,5
町田市,南成瀬,成瀬,横浜線,35.53540425105464,139.47280883789062,16
町田市,南町田,南町田グランベリーパーク,田園都市線,35.5115136080092,139.470534324646,120
町田市,原町田,町田,横浜線,35.54210911805369,139.44538593292236,221
町田市,図師町,淵野辺,横浜線,35.56878334844782,139.39500331878662,2
町田市,図師町,町田,横浜線,35.54210911805369,139.44538593292236,3
町田市,大蔵町,鶴川,小田原線,35.58319909861132,139.48100566864014,2
町田市,小山ヶ丘,多摩境,相模原線,35.60193918415496,139.3670654296875,148
町田市,小山ヶ丘,橋本,相模原線,35.594855459001735,139.34500694274902,21
町田市,小山田桜台,唐木田,多摩線,35.616558289323535,139.4115686416626,1
町田市,小山田桜台,淵野辺,横浜線,35.56878334844782,139.39500331878662,4
町田市,小山田桜台,町田,横浜線,35.54210911805369,139.44538593292236,15
町田市,小山町,多摩境,相模原線,35.60193918415496,139.3670654296875,4
町田市,小山町,橋本,相模原線,35.594855459001735,139.34500694274902,2
町田市,小山町,相模原,横浜線,35.58166340367188,139.37024116516113,1
町田市,小川,すずかけ台,田園都市線,35.516928046495536,139.48143482208252,38
町田市,小川,つくし野,田園都市線,35.52765104995484,139.48508262634277,22
町田市,小川,南町田グランベリーパーク,田園都市線,35.5115136080092,139.470534324646,64
町田市,小川,町田,横浜線,35.54210911805369,139.44538593292236,1
町田市,小野路町,京王永山,相模原線,35.63033757685868,139.44808959960938,3
町田市,山崎,町田,横浜線,35.54210911805369,139.44538593292236,14
町田市,山崎町,古淵,横浜線,35.55590122235293,139.41925048828125,1
町田市,山崎町,町田,横浜線,35.54210911805369,139.44538593292236,36
町田市,忠生,淵野辺,横浜線,35.56878334844782,139.39500331878662,1
町田市,忠生,町田,横浜線,35.54210911805369,139.44538593292236,14
町田市,成瀬,成瀬,横浜線,35.53540425105464,139.47280883789062,5
町田市,旭町,町田,横浜線,35.54210911805369,139.44538593292236,6
町田市,木曽東,古淵,横浜線,35.55590122235293,139.41925048828125,4
町田市,本町田,古淵,横浜線,35.55590122235293,139.41925048828125,2
町田市,本町田,町田,横浜線,35.54210911805369,139.44538593292236,15
町田市,東玉川学園,玉川学園前,小田原線,35.563267678037334,139.46332454681396,1
町田市,森野,町田,横浜線,35.54210911805369,139.44538593292236,40
町田市,玉川学園,玉川学園前,小田原線,35.563267678037334,139.46332454681396,29
町田市,相原町,相原,横浜線,35.60671947189958,139.33170318603516,5
町田市,真光寺,鶴川,小田原線,35.58319909861132,139.48100566864014,4
町田市,真光寺,黒川,多摩線,35.61317415177814,139.47079181671145,1
町田市,能ヶ谷,柿生,小田原線,35.589725473549564,139.4976568222046,2
町田市,能ヶ谷,鶴川,小田原線,35.58319909861132,139.48100566864014,36
町田市,藤の台,玉川学園前,小田原線,35.563267678037334,139.46332454681396,3
町田市,藤の台,町田,横浜線,35.54210911805369,139.44538593292236,40
町田市,金井,玉川学園前,小田原線,35.563267678037334,139.46332454681396,2
町田市,金井,鶴川,小田原線,35.58319909861132,139.48100566864014,6
町田市,金井ヶ丘,鶴川,小田原線,35.58319909861132,139.48100566864014,6
町田市,金森,町田,横浜線,35.54210911805369,139.44538593292236,9
町田市,鶴川,鶴川,小田原線,35.58319909861132,139.48100566864014,64
町田市,鶴間,南町田グランベリーパーク,田園都市線,35.5115136080092,139.470534324646,112
目黒区,三田,恵比寿,山手線,35.64645109752553,139.7103452682495,42
目黒区,三田,目黒,山手線,35.633965146256,139.71579551696777,46
目黒区,上目黒,中目黒,東横線,35.64428886575497,139.69892978668213,123
目黒区,上目黒,池尻大橋,田園都市線,35.65070564079015,139.68463897705078,4
目黒区,上目黒,祐天寺,東横線,35.63762742911838,139.69103336334229,38
目黒区,下目黒,不動前,目黒線,35.625628467199704,139.71360683441162,51
目黒区,下目黒,学芸大学,東横線,35.62894231402541,139.68528270721436,11
目黒区,下目黒,武蔵小山,目黒線,35.62050045456624,139.70442295074463,58
目黒区,下目黒,目黒,山手線,35.633965146256,139.71579551696777,375
目黒区,下目黒,祐天寺,東横線,35.63762742911838,139.69103336334229,2
目黒区,中央町,学芸大学,東横線,35.62894231402541,139.68528270721436,65
目黒区,中央町,祐天寺,東横線,35.63762742911838,139.69103336334229,5
目黒区,中根,自由が丘,東横線,35.60769642986715,139.66871738433838,9
目黒区,中根,都立大学,東横線,35.61739557961012,139.67605590820312,86
目黒区,中町,学芸大学,東横線,35.62894231402541,139.68528270721436,26
目黒区,中町,目黒,山手線,35.633965146256,139.71579551696777,4
目黒区,中町,祐天寺,東横線,35.63762742911838,139.69103336334229,55
目黒区,中目黒,中目黒,東横線,35.64428886575497,139.69892978668213,167
目黒区,中目黒,代官山,東横線,35.64829941055024,139.70352172851562,18
目黒区,中目黒,恵比寿,山手線,35.64645109752553,139.7103452682495,31
目黒区,中目黒,目黒,山手線,35.633965146256,139.71579551696777,27
目黒区,中目黒,祐天寺,東横線,35.63762742911838,139.69103336334229,8
目黒区,五本木,学芸大学,東横線,35.62894231402541,139.68528270721436,20
目黒区,五本木,祐天寺,東横線,35.63762742911838,139.69103336334229,13
目黒区,八雲,自由が丘,東横線,35.60769642986715,139.66871738433838,14
目黒区,八雲,都立大学,東横線,35.61739557961012,139.67605590820312,77
目黒区,八雲,駒沢大学,田園都市線,35.63347682919529,139.66172218322754,6
目黒区,南,大岡山,目黒線,35.6074870827355,139.68596935272217,14
目黒区,南,洗足,目黒線,35.61045278267899,139.69446659088135,10
目黒区,南,西小山,目黒線,35.61554655186582,139.69875812530518,1
目黒区,南,都立大学,東横線,35.61739557961012,139.67605590820312,9
目黒区,原町,洗足,目黒線,35.61045278267899,139.69446659088135,2
目黒区,原町,西小山,目黒線,35.61554655186582,139.69875812530518,17
目黒区,大岡山,大岡山,目黒線,35.6074870827355,139.68596935272217,25
目黒区,大岡山,緑が丘,大井町線,35.60654501386435,139.67901706695557,4
目黒区,大岡山,都立大学,東横線,35.61739557961012,139.67605590820312,9
目黒区,大橋,池尻大橋,田園都市線,35.65070564079015,139.68463897705078,169
目黒区,大橋,駒場東大前,井の頭線,35.65876075364281,139.68395233154297,19
目黒区,平町,都立大学,東横線,35.61739557961012,139.67605590820312,51
目黒区,東が丘,都立大学,東横線,35.61739557961012,139.67605590820312,2
目黒区,東が丘,駒沢大学,田園都市線,35.63347682919529,139.66172218322754,33
目黒区,東山,中目黒,東横線,35.64428886575497,139.69892978668213,70
目黒区,東山,池尻大橋,田園都市線,35.65070564079015,139.68463897705078,90
目黒区,東山,祐天寺,東横線,35.63762742911838,139.69103336334229,1
目黒区,柿の木坂,学芸大学,東横線,35.62894231402541,139.68528270721436,9
目黒区,柿の木坂,都立大学,東横線,35.61739557961012,139.67605590820312,51
目黒区,柿の木坂,駒沢大学,田園都市線,35.63347682919529,139.66172218322754,2
目黒区,洗足,洗足,目黒線,35.61045278267899,139.69446659088135,29
目黒区,洗足,西小山,目黒線,35.61554655186582,139.69875812530518,8
目黒区,目黒,中目黒,東横線,35.64428886575497,139.69892978668213,14
目黒区,目黒,目黒,山手線,35.633965146256,139.71579551696777,197
目黒区,目黒,祐天寺,東横線,35.63762742911838,139.69103336334229,8
目黒区,目黒本町,学芸大学,東横線,35.62894231402541,139.68528270721436,106
目黒区,目黒本町,武蔵小山,目黒線,35.62050045456624,139.70442295074463,48
目黒区,目黒本町,西小山,目黒線,35.61554655186582,139.69875812530518,34
目黒区,碑文谷,学芸大学,東横線,35.62894231402541,139.68528270721436,99
目黒区,碑文谷,西小山,目黒線,35.61554655186582,139.69875812530518,11
目黒区,碑文谷,都立大学,東横線,35.61739557961012,139.67605590820312,61
目黒区,祐天寺,中目黒,東横線,35.64428886575497,139.69892978668213,1
目黒区,祐天寺,祐天寺,東横線,35.63762742911838,139.69103336334229,22
目黒区,緑が丘,緑が丘,大井町線,35.60654501386435,139.67901706695557,12
目黒区,緑が丘,自由が丘,東横線,35.60769642986715,139.66871738433838,24
目黒区,緑が丘,都立大学,東横線,35.61739557961012,139.67605590820312,3
目黒区,自由が丘,九品仏,大井町線,35.60535868913665,139.6614646911621,1
目黒区,自由が丘,自由が丘,東横線,35.60769642986715,139.66871738433838,56
目黒区,青葉台,中目黒,東横線,35.64428886575497,139.69892978668213,60
目黒区,青葉台,代官山,東横線,35.64829941055024,139.70352172851562,2
目黒区,青葉台,池尻大橋,田園都市線,35.65070564079015,139.68463897705078,28
目黒区,青葉台,渋谷,山手線,35.65903970403521,139.7013759613037,16
目黒区,青葉台,神泉,井の頭線,35.65729624809629,139.69356536865234,83
目黒区,駒場,東北沢,小田原線,35.665420428170364,139.67305183410645,4
目黒区,駒場,神泉,井の頭線,35.65729624809629,139.69356536865234,5
目黒区,駒場,駒場東大前,井の頭線,35.65876075364281,139.68395233154297,33
目黒区,鷹番,学芸大学,東横線,35.62894231402541,139.68528270721436,58
福生市,加美平,福生,青梅線,35.74233248982313,139.3278408050537,3
福生市,北田園,福生,青梅線,35.74233248982313,139.3278408050537,3
福生市,大字熊川,拝島,拝島線,35.72115161539429,139.34371948242188,32
福生市,大字福生,東福生,八高線,35.74602463138261,139.33599472045898,6
福生市,大字福生,福生,青梅線,35.74233248982313,139.3278408050537,32
福生市,志茂,牛浜,青梅線,35.73432065039873,139.33380603790283,3
福生市,志茂,福生,青梅線,35.74233248982313,139.3278408050537,13
福生市,本町,福生,青梅線,35.74233248982313,139.3278408050537,13
福生市,東町,福生,青梅線,35.74233248982313,139.3278408050537,3
福生市,武蔵野台,東福生,八高線,35.74602463138261,139.33599472045898,4
福生市,武蔵野台,福生,青梅線,35.74233248982313,139.3278408050537,42
福生市,牛浜,牛浜,青梅線,35.73432065039873,139.33380603790283,10
稲城市,向陽台,南多摩,南武線,35.64924098753676,139.48963165283203,38
稲城市,向陽台,稲城,相模原線,35.63626717221624,139.50031757354736,44
稲城市,向陽台,若葉台,相模原線,35.61938410891034,139.47246551513672,1
稲城市,大丸,南多摩,南武線,35.64924098753676,139.48963165283203,23
稲城市,大丸,稲城,相模原線,35.63626717221624,139.50031757354736,2
稲城市,大丸,稲城長沼,南武線,35.644532991627216,139.50207710266113,21
稲城市,平尾,新百合ヶ丘,小田原線,35.603753633567266,139.50748443603516,47
稲城市,平尾,栗平,多摩線,35.6059867455953,139.48087692260742,6
稲城市,平尾,町田,横浜線,35.54210911805369,139.44538593292236,1
稲城市,押立,矢野口,南武線,35.64170806091256,139.52048778533936,9
稲城市,押立,稲城長沼,南武線,35.644532991627216,139.50207710266113,1
稲城市,東長沼,京王よみうりランド,相模原線,35.63295362903405,139.51692581176758,1
稲城市,東長沼,稲城,相模原線,35.63626717221624,139.50031757354736,79
稲城市,東長沼,稲城長沼,南武線,35.644532991627216,139.50207710266113,10
稲城市,百村,稲城,相模原線,35.63626717221624,139.50031757354736,26
稲城市,矢野口,京王よみうりランド,相模原線,35.63295362903405,139.51692581176758,47
稲城市,矢野口,矢野口,南武線,35.64170806091256,139.52048778533936,26
稲城市,若葉台,若葉台,相模原線,35.61938410891034,139.47246551513672,122
稲城市,長峰,稲城,相模原線,35.63626717221624,139.50031757354736,1
稲城市,長峰,若葉台,相模原線,35.61938410891034,139.47246551513672,26
立川市,一番町,中神,青梅線,35.70906066405739,139.37577724456787,1
立川市,一番町,武蔵砂川,拝島線,35.729025427145444,139.39221382141113,27
立川市,一番町,西武立川,拝島線,35.72623832613016,139.3697690963745,35
立川市,上砂町,武蔵砂川,拝島線,35.729025427145444,139.39221382141113,42
立川市,富士見町,柴崎体育館,多摩都市モノレール線,35.689683442321254,139.4092082977295,1
立川市,富士見町,立川,南武線,35.69790888140008,139.41375732421875,77
立川市,富士見町,立川北,多摩都市モノレール線,35.699546897205295,139.41251277923584,1
立川市,富士見町,西立川,青梅線,35.70362436487579,139.39367294311523,27
立川市,幸町,東大和市,拝島線,35.73289236827503,139.43461418151855,1
立川市,幸町,泉体育館,多摩都市モノレール線,35.71881719421276,139.41950798034668,14
立川市,幸町,玉川上水,拝島線,35.731916941372575,139.41813468933103,4
立川市,幸町,砂川七番,多摩都市モノレール線,35.723346605754,139.41813468933103,2
立川市,曙町,立川,南武線,35.69790888140008,139.41375732421875,143
立川市,曙町,立川北,多摩都市モノレール線,35.699546897205295,139.41251277923584,2
立川市,柏町,泉体育館,多摩都市モノレール線,35.71881719421276,139.41950798034668,2
立川市,柏町,玉川上水,拝島線,35.731916941372575,139.41813468933103,30
立川市,柏町,砂川七番,多摩都市モノレール線,35.723346605754,139.41813468933103,2
立川市,柴崎町,立川,南武線,35.69790888140008,139.41375732421875,18
立川市,栄町,国立,中央線,35.69923323720904,139.44615840911865,2
立川市,栄町,泉体育館,多摩都市モノレール線,35.71881719421276,139.41950798034668,3
立川市,栄町,立川,南武線,35.69790888140008,139.41375732421875,4
立川市,栄町,高松,多摩都市モノレール線,35.710106063704856,139.41328525543213,3
立川市,砂川町,武蔵砂川,拝島線,35.729025427145444,139.39221382141113,21
立川市,砂川町,玉川上水,拝島線,35.731916941372575,139.41813468933103,10
立川市,緑町,高松,多摩都市モノレール線,35.710106063704856,139.41328525543213,8
立川市,羽衣町,立川,南武線,35.69790888140008,139.41375732421875,3
立川市,羽衣町,西国立,南武線,35.69344773158659,139.42431449890137,25
立川市,若葉町,国立,中央線,35.69923323720904,139.44615840911865,9
立川市,若葉町,泉体育館,多摩都市モノレール線,35.71881719421276,139.41950798034668,2
立川市,若葉町,立川,南武線,35.69790888140008,139.41375732421875,5
立川市,西砂町,西武立川,拝島線,35.72623832613016,139.3697690963745,11
立川市,錦町,柴崎体育館,多摩都市モノレール線,35.689683442321254,139.4092082977295,3
立川市,錦町,立川,南武線,35.69790888140008,139.41375732421875,189
立川市,錦町,立川南,多摩都市モノレール線,35.69620112696842,139.41255569458008,1
立川市,錦町,西国立,南武線,35.69344773158659,139.42431449890137,33
立川市,高松町,立川,南武線,35.69790888140008,139.41375732421875,80
立川市,高松町,高松,多摩都市モノレール線,35.710106063704856,139.41328525543213,5
練馬区,三原台,大泉学園,池袋線,35.74954245600129,139.5865774154663,1
練馬区,三原台,石神井公園,池袋線,35.74386509767359,139.60627555847168,21
練馬区,上石神井,上井草,新宿線,35.72526281773581,139.60288524627686,1
練馬区,上石神井,上石神井,新宿線,35.72620348675035,139.59245681762695,86
練馬区,上石神井,武蔵関,新宿線,35.72766672758293,139.5764923095703,10
練馬区,上石神井,石神井公園,池袋線,35.74386509767359,139.60627555847168,6
練馬区,上石神井南町,上石神井,新宿線,35.72620348675035,139.59245681762695,4
練馬区,下石神井,上井草,新宿線,35.72526281773581,139.60288524627686,12
練馬区,下石神井,上石神井,新宿線,35.72620348675035,139.59245681762695,2
練馬区,下石神井,井荻,新宿線,35.72470537900412,139.61528778076172,12
練馬区,下石神井,石神井公園,池袋線,35.74386509767359,139.60627555847168,26
練馬区,中村,中村橋,池袋線,35.73682879116102,139.63773250579834,39
練馬区,中村,練馬,西武有楽町線,35.73794349503082,139.65421199798584,25
練馬区,中村,都立家政,新宿線,35.72240590300483,139.64477062225342,3
練馬区,中村北,中村橋,池袋線,35.73682879116102,139.63773250579834,81
練馬区,中村北,富士見台,池袋線,35.73592308277645,139.6296215057373,1
練馬区,中村北,練馬,西武有楽町線,35.73794349503082,139.65421199798584,114
練馬区,中村南,中村橋,池袋線,35.73682879116102,139.63773250579834,8
練馬区,中村南,都立家政,新宿線,35.72240590300483,139.64477062225342,39
練馬区,中村南,鷺ノ宮,新宿線,35.72261494902011,139.6388053894043,15
練馬区,光が丘,下赤塚,東上本線,35.77008901746278,139.6438694000244,15
練馬区,光が丘,光が丘,12号線大江戸線,35.75852787639232,139.62880611419678,193
練馬区,北町,上板橋,東上本線,35.76357737660338,139.67631340026855,11
練馬区,北町,下赤塚,東上本線,35.77008901746278,139.6438694000244,14
練馬区,北町,平和台,8号線有楽町線,35.75762241488236,139.65425491333008,17
練馬区,北町,東武練馬,東上本線,35.768731018712785,139.66232299804688,98
練馬区,南大泉,保谷,池袋線,35.74828859575159,139.5679521560669,40
練馬区,南大泉,大泉学園,池袋線,35.74954245600129,139.5865774154663,2
練馬区,南大泉,武蔵関,新宿線,35.72766672758293,139.5764923095703,2
練馬区,南田中,井荻,新宿線,35.72470537900412,139.61528778076172,29
練馬区,南田中,石神井公園,池袋線,35.74386509767359,139.60627555847168,1
練馬区,南田中,練馬高野台,池袋線,35.74059085417868,139.6168327331543,17
練馬区,向山,中村橋,池袋線,35.73682879116102,139.63773250579834,30
練馬区,土支田,光が丘,12号線大江戸線,35.75852787639232,139.62880611419678,18
練馬区,大泉学園町,大泉学園,池袋線,35.74954245600129,139.5865774154663,43
練馬区,大泉学園町,練馬,西武有楽町線,35.73794349503082,139.65421199798584,1
練馬区,大泉町,大泉学園,池袋線,35.74954245600129,139.5865774154663,15
練馬区,富士見台,富士見台,池袋線,35.73592308277645,139.6296215057373,20
練馬区,富士見台,練馬高野台,池袋線,35.74059085417868,139.6168327331543,7
練馬区,小竹町,小竹向原,西武有楽町線,35.74341228478872,139.67953205108645,18
練馬区,小竹町,江古田,池袋線,35.737560317335706,139.6726655960083,16
練馬区,平和台,平和台,8号線有楽町線,35.75762241488236,139.65425491333008,38
練馬区,平和台,氷川台,8号線有楽町線,35.74957728517072,139.66558456420898,13
練馬区,早宮,平和台,8号線有楽町線,35.75762241488236,139.65425491333008,14
練馬区,早宮,氷川台,8号線有楽町線,35.74957728517072,139.66558456420898,13
練馬区,早宮,豊島園,豊島線,35.74261114799056,139.6479034423828,30
練馬区,旭丘,新江古田,12号線大江戸線,35.732578839502125,139.67047691345215,9
練馬区,旭丘,江古田,池袋線,35.737560317335706,139.6726655960083,34
練馬区,旭町,光が丘,12号線大江戸線,35.75852787639232,139.62880611419678,7
練馬区,旭町,地下鉄成増,8号線有楽町線,35.776739394423714,139.6310806274414,52
練馬区,旭町,成増,東上本線,35.7775750045502,139.63292598724365,2
練馬区,旭町,江古田,池袋線,35.737560317335706,139.6726655960083,1
練馬区,春日町,光が丘,12号線大江戸線,35.75852787639232,139.62880611419678,2
練馬区,春日町,平和台,8号線有楽町線,35.75762241488236,139.65425491333008,8
練馬区,春日町,練馬春日町,12号線大江戸線,35.75138838097743,139.64052200317383,68
練馬区,春日町,豊島園,豊島線,35.74261114799056,139.6479034423828,12
練馬区,東大泉,大泉学園,池袋線,35.74954245600129,139.5865774154663,140
練馬区,東大泉,石神井公園,池袋線,35.74386509767359,139.60627555847168,4
練馬区,栄町,新桜台,西武有楽町線,35.74121784739981,139.66871738433838,6
練馬区,栄町,江古田,池袋線,35.737560317335706,139.6726655960083,17
練馬区,桜台,新桜台,西武有楽町線,35.74121784739981,139.66871738433838,7
練馬区,桜台,桜台,池袋線,35.73870984488909,139.6622371673584,60
練馬区,桜台,氷川台,8号線有楽町線,35.74957728517072,139.66558456420898,18
練馬区,桜台,練馬,西武有楽町線,35.73794349503082,139.65421199798584,8
練馬区,氷川台,氷川台,8号線有楽町線,35.74957728517072,139.66558456420898,75
練馬区,田柄,下赤塚,東上本線,35.77008901746278,139.6438694000244,16
練馬区,田柄,光が丘,12号線大江戸線,35.75852787639232,139.62880611419678,32
練馬区,田柄,平和台,8号線有楽町線,35.75762241488236,139.65425491333008,9
練馬区,田柄,練馬春日町,12号線大江戸線,35.75138838097743,139.64052200317383,1
練馬区,石神井台,上石神井,新宿線,35.72620348675035,139.59245681762695,66
練馬区,石神井台,大泉学園,池袋線,35.74954245600129,139.5865774154663,19
練馬区,石神井台,武蔵関,新宿線,35.72766672758293,139.5764923095703,38
練馬区,石神井台,石神井公園,池袋線,35.74386509767359,139.60627555847168,9
練馬区,石神井町,石神井公園,池袋線,35.74386509767359,139.60627555847168,154
練馬区,石神井町,練馬高野台,池袋線,35.74059085417868,139.6168327331543,7
練馬区,立野町,吉祥寺,井の頭線,35.70313647374438,139.5798397064209,59
練馬区,立野町,武蔵関,新宿線,35.72766672758293,139.5764923095703,4
練馬区,練馬,練馬,西武有楽町線,35.73794349503082,139.65421199798584,67
練馬区,練馬,豊島園,豊島線,35.74261114799056,139.6479034423828,46
練馬区,羽沢,小竹向原,西武有楽町線,35.74341228478872,139.67953205108645,3
練馬区,羽沢,新桜台,西武有楽町線,35.74121784739981,139.66871738433838,18
練馬区,羽沢,氷川台,8号線有楽町線,35.74957728517072,139.66558456420898,27
練馬区,西大泉,保谷,池袋線,35.74828859575159,139.5679521560669,5
練馬区,西大泉,大泉学園,池袋線,35.74954245600129,139.5865774154663,13
練馬区,谷原,光が丘,12号線大江戸線,35.75852787639232,139.62880611419678,19
練馬区,谷原,石神井公園,池袋線,35.74386509767359,139.60627555847168,26
練馬区,谷原,練馬高野台,池袋線,35.74059085417868,139.6168327331543,8
練馬区,豊玉上,桜台,池袋線,35.73870984488909,139.6622371673584,58
練馬区,豊玉上,江古田,池袋線,35.737560317335706,139.6726655960083,16
練馬区,豊玉上,練馬,西武有楽町線,35.73794349503082,139.65421199798584,15
練馬区,豊玉中,新江古田,12号線大江戸線,35.732578839502125,139.67047691345215,14
練馬区,豊玉中,桜台,池袋線,35.73870984488909,139.6622371673584,4
練馬区,豊玉中,練馬,西武有楽町線,35.73794349503082,139.65421199798584,58
練馬区,豊玉北,新江古田,12号線大江戸線,35.732578839502125,139.67047691345215,68
練馬区,豊玉北,桜台,池袋線,35.73870984488909,139.6622371673584,31
練馬区,豊玉北,江古田,池袋線,35.737560317335706,139.6726655960083,1
練馬区,豊玉北,練馬,西武有楽町線,35.73794349503082,139.65421199798584,133
練馬区,豊玉南,沼袋,新宿線,35.719304989365966,139.66442584991455,18
練馬区,豊玉南,練馬,西武有楽町線,35.73794349503082,139.65421199798584,31
練馬区,豊玉南,都立家政,新宿線,35.72240590300483,139.64477062225342,5
練馬区,豊玉南,野方,新宿線,35.71968825489141,139.65331077575684,31
練馬区,貫井,中村橋,池袋線,35.73682879116102,139.63773250579834,81
練馬区,貫井,富士見台,池袋線,35.73592308277645,139.6296215057373,114
練馬区,錦,上板橋,東上本線,35.76357737660338,139.67631340026855,20
練馬区,錦,東武練馬,東上本線,35.768731018712785,139.66232299804688,8
練馬区,関町北,吉祥寺,井の頭線,35.70313647374438,139.5798397064209,2
練馬区,関町北,東伏見,新宿線,35.728642206538495,139.5642614364624,1
練馬区,関町北,武蔵関,新宿線,35.72766672758293,139.5764923095703,167
練馬区,関町南,三鷹,中央線,35.702753128617985,139.56091403961182,29
練馬区,関町南,上石神井,新宿線,35.72620348675035,139.59245681762695,24
練馬区,関町南,吉祥寺,井の頭線,35.70313647374438,139.5798397064209,54
練馬区,関町南,東伏見,新宿線,35.728642206538495,139.5642614364624,3
練馬区,関町南,武蔵関,新宿線,35.72766672758293,139.5764923095703,89
練馬区,関町東,上石神井,新宿線,35.72620348675035,139.59245681762695,5
練馬区,関町東,武蔵関,新宿線,35.72766672758293,139.5764923095703,21
練馬区,高松,光が丘,12号線大江戸線,35.75852787639232,139.62880611419678,50
練馬区,高松,富士見台,池袋線,35.73592308277645,139.6296215057373,3
練馬区,高松,練馬,西武有楽町線,35.73794349503082,139.65421199798584,1
練馬区,高松,練馬春日町,12号線大江戸線,35.75138838097743,139.64052200317383,6
練馬区,高野台,石神井公園,池袋線,35.74386509767359,139.60627555847168,31
練馬区,高野台,練馬高野台,池袋線,35.74059085417868,139.6168327331543,100
羽村市,五ノ神,羽村,青梅線,35.75849305114015,139.31599617004397,10
羽村市,富士見平,羽村,青梅線,35.75849305114015,139.31599617004397,1
羽村市,小作台,小作,青梅線,35.77632158606727,139.30187702178955,26
羽村市,川崎,羽村,青梅線,35.75849305114015,139.31599617004397,1
羽村市,栄町,小作,青梅線,35.77632158606727,139.30187702178955,8
羽村市,栄町,羽村,青梅線,35.75849305114015,139.31599617004397,1
羽村市,玉川,羽村,青梅線,35.75849305114015,139.31599617004397,3
羽村市,神明台,羽村,青梅線,35.75849305114015,139.31599617004397,44
羽村市,緑ヶ丘,羽村,青梅線,35.75849305114015,139.31599617004397,2
荒川区,南千住,三ノ輪,2号線日比谷線,35.72961767354769,139.79132652282715,55
荒川区,南千住,三ノ輪橋,荒川線,35.73209112562421,139.79158401489258,5
荒川区,南千住,京成関屋,本線,35.74400442419693,139.8117971420288,9
荒川区,南千住,千住大橋,本線,35.74233248982313,139.79690551757812,7
荒川区,南千住,南千住,2号線日比谷線,35.73324073213058,139.7990083694458,363
荒川区,南千住,町屋駅前,荒川線,35.74278530884989,139.78081226348877,1
荒川区,南千住,荒川一中前,荒川線,35.73372843896833,139.78888034820557,1
荒川区,東尾久,新三河島,本線,35.73728164149017,139.77403163909912,4
荒川区,東尾久,日暮里,常磐線,35.72808479145526,139.7706413269043,1
荒川区,東尾久,東尾久三丁目,荒川線,35.74560666168854,139.77403163909912,2
荒川区,東尾久,熊野前,日暮里・舎人ライナー,35.748567233069664,139.76978302001953,49
荒川区,東尾久,田端,山手線,35.738152500269095,139.76072788238525,16
荒川区,東尾久,町屋駅前,荒川線,35.74278530884989,139.78081226348877,25
荒川区,東尾久,西日暮里,9号線千代田線,35.73202145196926,139.76690769195557,21
荒川区,東尾久,赤土小学校前,日暮里・舎人ライナー,35.74295946932821,139.76901054382324,43
荒川区,東日暮里,三ノ輪,2号線日比谷線,35.72961767354769,139.79132652282715,54
荒川区,東日暮里,三河島,常磐線,35.733136223133926,139.7784948348999,71
荒川区,東日暮里,日暮里,常磐線,35.72808479145526,139.7706413269043,205
荒川区,東日暮里,荒川一中前,荒川線,35.73372843896833,139.78888034820557,1
荒川区,東日暮里,鶯谷,東北線,35.72153487203698,139.77806568145752,69
荒川区,町屋,東尾久三丁目,荒川線,35.74560666168854,139.77403163909912,2
荒川区,町屋,町屋駅前,荒川線,35.74278530884989,139.78081226348877,167
荒川区,荒川,三ノ輪,2号線日比谷線,35.72961767354769,139.79132652282715,76
荒川区,荒川,三河島,常磐線,35.733136223133926,139.7784948348999,32
荒川区,荒川,新三河島,本線,35.73728164149017,139.77403163909912,22
荒川区,荒川,熊野前,日暮里・舎人ライナー,35.748567233069664,139.76978302001953,1
荒川区,荒川,町屋駅前,荒川線,35.74278530884989,139.78081226348877,138
荒川区,荒川,荒川区役所前,荒川線,35.734912857425144,139.78643417358398,4
荒川区,荒川,西日暮里,9号線千代田線,35.73202145196926,139.76690769195557,10
荒川区,西尾久,上中里,東北線,35.74654709041391,139.746994972229,2
荒川区,西尾久,宮ノ前,荒川線,35.75003006298616,139.76523399353027,1
荒川区,西尾久,小台,荒川線,35.750552495726296,139.76197242736816,3
荒川区,西尾久,尾久,東北線,35.74686056418665,139.7538185119629,97
荒川区,西尾久,田端,山手線,35.738152500269095,139.76072788238525,23
荒川区,西尾久,荒川車庫前,荒川線,35.7509007823145,139.7527027130127,3
荒川区,西尾久,荒川遊園地前,荒川線,35.75069181054448,139.75789546966553,2
荒川区,西日暮里,三河島,常磐線,35.733136223133926,139.7784948348999,10
荒川区,西日暮里,尾久,東北線,35.74686056418665,139.7538185119629,1
荒川区,西日暮里,新三河島,本線,35.73728164149017,139.77403163909912,25
荒川区,西日暮里,日暮里,常磐線,35.72808479145526,139.7706413269043,114
荒川区,西日暮里,田端,山手線,35.738152500269095,139.76072788238525,2
荒川区,西日暮里,西日暮里,9号線千代田線,35.73202145196926,139.76690769195557,135
荒川区,西日暮里,鶯谷,東北線,35.72153487203698,139.77806568145752,1
葛飾区,お花茶屋,お花茶屋,本線,35.74766165821946,139.83994960784912,21
葛飾区,亀有,お花茶屋,本線,35.74766165821946,139.83994960784912,2
葛飾区,亀有,亀有,常磐線,35.766641744589464,139.84763145446777,152
葛飾区,南水元,亀有,常磐線,35.766641744589464,139.84763145446777,3
葛飾区,南水元,金町,常磐線,35.76953189257557,139.87059116363525,43
葛飾区,四つ木,お花茶屋,本線,35.74766165821946,139.83994960784912,18
葛飾区,四つ木,京成立石,押上線,35.738187334422136,139.84818935394287,3
葛飾区,四つ木,四ツ木,押上線,35.73174275673995,139.83492851257324,62
葛飾区,堀切,お花茶屋,本線,35.74766165821946,139.83994960784912,2
葛飾区,堀切,四ツ木,押上線,35.73174275673995,139.83492851257324,1
葛飾区,堀切,堀切菖蒲園,本線,35.74762682821178,139.82711791992188,114
葛飾区,堀切,綾瀬,9号線千代田線,35.76218444303943,139.8250150680542,13
葛飾区,奥戸,京成立石,押上線,35.738187334422136,139.84818935394287,26
葛飾区,奥戸,小岩,総武線,35.73344974971248,139.88200664520264,40
葛飾区,奥戸,新小岩,総武線,35.71707504428801,139.85793113708496,11
葛飾区,奥戸,青砥,押上線,35.74564149258022,139.85608577728271,15
葛飾区,宝町,お花茶屋,本線,35.74766165821946,139.83994960784912,46
葛飾区,宝町,堀切菖蒲園,本線,35.74762682821178,139.82711791992188,8
葛飾区,小菅,北綾瀬,9号線千代田線,35.77698311495109,139.83213901519775,1
葛飾区,小菅,堀切菖蒲園,本線,35.74762682821178,139.82711791992188,10
葛飾区,小菅,小菅,伊勢崎線,35.75866717724848,139.8126983642578,12
葛飾区,小菅,綾瀬,9号線千代田線,35.76218444303943,139.8250150680542,11
葛飾区,新宿,亀有,常磐線,35.766641744589464,139.84763145446777,7
葛飾区,新宿,京成金町,金町線,35.768556914632015,139.87050533294678,1
葛飾区,新宿,京成高砂,金町線,35.75097043944926,139.8675012588501,11
葛飾区,新宿,金町,常磐線,35.76953189257557,139.87059116363525,170
葛飾区,新小岩,新小岩,総武線,35.71707504428801,139.85793113708496,93
葛飾区,東四つ木,京成立石,押上線,35.738187334422136,139.84818935394287,22
葛飾区,東四つ木,四ツ木,押上線,35.73174275673995,139.83492851257324,56
葛飾区,東堀切,お花茶屋,本線,35.74766165821946,139.83994960784912,23
葛飾区,東新小岩,小岩,総武線,35.73344974971248,139.88200664520264,2
葛飾区,東新小岩,新小岩,総武線,35.71707504428801,139.85793113708496,205
葛飾区,東水元,金町,常磐線,35.76953189257557,139.87059116363525,16
葛飾区,東立石,京成立石,押上線,35.738187334422136,139.84818935394287,75
葛飾区,東金町,金町,常磐線,35.76953189257557,139.87059116363525,106
葛飾区,柴又,京成高砂,金町線,35.75097043944926,139.8675012588501,15
葛飾区,柴又,新柴又,北総線,35.75100526799379,139.8792600631714,8
葛飾区,柴又,柴又,金町線,35.756682117023445,139.87552642822266,54
葛飾区,柴又,金町,常磐線,35.76953189257557,139.87059116363525,12
葛飾区,水元,亀有,常磐線,35.766641744589464,139.84763145446777,1
葛飾区,水元,金町,常磐線,35.76953189257557,139.87059116363525,32
葛飾区,白鳥,お花茶屋,本線,35.74766165821946,139.83994960784912,129
葛飾区,白鳥,青砥,押上線,35.74564149258022,139.85608577728271,2
葛飾区,立石,お花茶屋,本線,35.74766165821946,139.83994960784912,19
葛飾区,立石,京成立石,押上線,35.738187334422136,139.84818935394287,69
葛飾区,立石,青砥,押上線,35.74564149258022,139.85608577728271,51
葛飾区,細田,京成高砂,金町線,35.75097043944926,139.8675012588501,24
葛飾区,細田,小岩,総武線,35.73344974971248,139.88200664520264,4
葛飾区,西亀有,お花茶屋,本線,35.74766165821946,139.83994960784912,4
葛飾区,西亀有,亀有,常磐線,35.766641744589464,139.84763145446777,8
葛飾区,西亀有,綾瀬,9号線千代田線,35.76218444303943,139.8250150680542,15
葛飾区,西新小岩,新小岩,総武線,35.71707504428801,139.85793113708496,83
葛飾区,西水元,亀有,常磐線,35.766641744589464,139.84763145446777,1
葛飾区,西水元,金町,常磐線,35.76953189257557,139.87059116363525,5
葛飾区,金町,京成金町,金町線,35.768556914632015,139.87050533294678,24
葛飾区,金町,金町,常磐線,35.76953189257557,139.87059116363525,186
葛飾区,鎌倉,京成小岩,本線,35.742193160373674,139.88368034362793,9
葛飾区,鎌倉,京成高砂,金町線,35.75097043944926,139.8675012588501,5
葛飾区,鎌倉,新柴又,北総線,35.75100526799379,139.8792600631714,22
葛飾区,青戸,お花茶屋,本線,35.74766165821946,139.83994960784912,7
葛飾区,青戸,亀有,常磐線,35.766641744589464,139.84763145446777,20
葛飾区,青戸,金町,常磐線,35.76953189257557,139.87059116363525,1
葛飾区,青戸,青砥,押上線,35.74564149258022,139.85608577728271,166
葛飾区,高砂,京成高砂,金町線,35.75097043944926,139.8675012588501,57
葛飾区,高砂,押上,伊勢崎線,35.71031514198906,139.81329917907715,1
葛飾区,高砂,青砥,押上線,35.74564149258022,139.85608577728271,30
西多摩郡瑞穂町,大字箱根ケ崎,箱根ヶ崎,八高線,35.77151663217232,139.34672355651855,3
西東京市,ひばりが丘,ひばりヶ丘,池袋線,35.75163217918862,139.5455503463745,130
西東京市,ひばりが丘北,ひばりヶ丘,池袋線,35.75163217918862,139.5455503463745,15
西東京市,下保谷,保谷,池袋線,35.74828859575159,139.5679521560669,23
西東京市,中町,保谷,池袋線,35.74828859575159,139.5679521560669,7
西東京市,中町,東伏見,新宿線,35.728642206538495,139.5642614364624,6
西東京市,住吉町,ひばりヶ丘,池袋線,35.75163217918862,139.5455503463745,31
西東京市,保谷町,田無,新宿線,35.72731833934648,139.5393705368042,3
西東京市,保谷町,西武柳沢,新宿線,35.728642206538495,139.5523738861084,28
西東京市,北原町,田無,新宿線,35.72731833934648,139.5393705368042,2
西東京市,南町,田無,新宿線,35.72731833934648,139.5393705368042,33
西東京市,向台町,武蔵境,多摩川線,35.70216068252442,139.54400539398193,5
西東京市,向台町,田無,新宿線,35.72731833934648,139.5393705368042,52
西東京市,富士町,東伏見,新宿線,35.728642206538495,139.5642614364624,27
西東京市,富士町,西武柳沢,新宿線,35.728642206538495,139.5523738861084,1
西東京市,新町,武蔵境,多摩川線,35.70216068252442,139.54400539398193,10
西東京市,新町,田無,新宿線,35.72731833934648,139.5393705368042,5
西東京市,東伏見,三鷹,中央線,35.702753128617985,139.56091403961182,1
西東京市,東伏見,東伏見,新宿線,35.728642206538495,139.5642614364624,19
西東京市,東伏見,西武柳沢,新宿線,35.728642206538495,139.5523738861084,3
西東京市,東町,保谷,池袋線,35.74828859575159,139.5679521560669,67
西東京市,柳沢,田無,新宿線,35.72731833934648,139.5393705368042,1
西東京市,柳沢,西武柳沢,新宿線,35.728642206538495,139.5523738861084,43
西東京市,栄町,ひばりヶ丘,池袋線,35.75163217918862,139.5455503463745,2
西東京市,栄町,保谷,池袋線,35.74828859575159,139.5679521560669,1
西東京市,泉町,ひばりヶ丘,池袋線,35.75163217918862,139.5455503463745,1
西東京市,泉町,保谷,池袋線,35.74828859575159,139.5679521560669,12
西東京市,田無町,田無,新宿線,35.72731833934648,139.5393705368042,155
西東京市,田無町,西武柳沢,新宿線,35.728642206538495,139.5523738861084,5
西東京市,緑町,ひばりヶ丘,池袋線,35.75163217918862,139.5455503463745,4
西東京市,緑町,田無,新宿線,35.72731833934648,139.5393705368042,14
西東京市,芝久保町,田無,新宿線,35.72731833934648,139.5393705368042,85
西東京市,芝久保町,花小金井,新宿線,35.726168647355294,139.51327800750732,1
西東京市,西原町,田無,新宿線,35.72731833934648,139.5393705368042,49
西東京市,谷戸町,ひばりヶ丘,池袋線,35.75163217918862,139.5455503463745,152
調布市,上石原,西調布,京王線,35.657052161227426,139.5300579071045,54
調布市,下石原,京王多摩川,相模原線,35.64488174157931,139.53709602355957,12
調布市,下石原,西調布,京王線,35.657052161227426,139.5300579071045,15
調布市,下石原,調布,京王線,35.65182154905355,139.5446491241455,21
調布市,仙川町,つつじヶ丘,京王線,35.65802850422668,139.5751190185547,2
調布市,仙川町,仙川,京王線,35.662352165454394,139.58494663238525,76
調布市,佐須町,布田,京王線,35.64983382661245,139.55155849456787,2
調布市,入間町,つつじヶ丘,京王線,35.65802850422668,139.5751190185547,2
調布市,入間町,仙川,京王線,35.662352165454394,139.58494663238525,36
調布市,入間町,成城学園前,小田原線,35.640173488786644,139.5990228652954,25
調布市,八雲台,国領,京王線,35.65025229860521,139.55833911895752,4
調布市,八雲台,布田,京王線,35.64983382661245,139.55155849456787,2
調布市,八雲台,調布,京王線,35.65182154905355,139.5446491241455,1
調布市,国領町,国領,京王線,35.65025229860521,139.55833911895752,174
調布市,国領町,布田,京王線,35.64983382661245,139.55155849456787,40
調布市,国領町,柴崎,京王線,35.65398357695099,139.5664930343628,7
調布市,国領町,調布,京王線,35.65182154905355,139.5446491241455,4
調布市,多摩川,京王多摩川,相模原線,35.64488174157931,139.53709602355957,126
調布市,多摩川,西調布,京王線,35.657052161227426,139.5300579071045,57
調布市,多摩川,調布,京王線,35.65182154905355,139.5446491241455,2
調布市,富士見町,西調布,京王線,35.657052161227426,139.5300579071045,2
調布市,富士見町,調布,京王線,35.65182154905355,139.5446491241455,35
調布市,小島町,京王多摩川,相模原線,35.64488174157931,139.53709602355957,4
調布市,小島町,調布,京王線,35.65182154905355,139.5446491241455,83
調布市,布田,布田,京王線,35.64983382661245,139.55155849456787,12
調布市,布田,調布,京王線,35.65182154905355,139.5446491241455,210
調布市,東つつじケ丘,つつじヶ丘,京王線,35.65802850422668,139.5751190185547,29
調布市,東つつじケ丘,仙川,京王線,35.662352165454394,139.58494663238525,1
調布市,染地,国領,京王線,35.65025229860521,139.55833911895752,99
調布市,染地,布田,京王線,35.64983382661245,139.55155849456787,50
調布市,染地,狛江,小田原線,35.63232578432,139.57730770111084,10
調布市,染地,調布,京王線,35.65182154905355,139.5446491241455,26
調布市,柴崎,つつじヶ丘,京王線,35.65802850422668,139.5751190185547,59
調布市,柴崎,柴崎,京王線,35.65398357695099,139.5664930343628,22
調布市,深大寺元町,調布,京王線,35.65182154905355,139.5446491241455,2
調布市,深大寺南町,つつじヶ丘,京王線,35.65802850422668,139.5751190185547,27
調布市,深大寺東町,つつじヶ丘,京王線,35.65802850422668,139.5751190185547,2
調布市,深大寺東町,三鷹,中央線,35.702753128617985,139.56091403961182,3
調布市,深大寺東町,吉祥寺,井の頭線,35.70313647374438,139.5798397064209,1
調布市,緑ケ丘,仙川,京王線,35.662352165454394,139.58494663238525,27
調布市,若葉町,仙川,京王線,35.662352165454394,139.58494663238525,10
調布市,菊野台,つつじヶ丘,京王線,35.65802850422668,139.5751190185547,2
調布市,菊野台,柴崎,京王線,35.65398357695099,139.5664930343628,23
調布市,西つつじケ丘,つつじヶ丘,京王線,35.65802850422668,139.5751190185547,58
調布市,西つつじケ丘,柴崎,京王線,35.65398357695099,139.5664930343628,5
調布市,調布ケ丘,布田,京王線,35.64983382661245,139.55155849456787,2
調布市,調布ケ丘,調布,京王線,35.65182154905355,139.5446491241455,123
調布市,飛田給,飛田給,京王線,35.66001602273505,139.52362060546875,11
豊島区,上池袋,北池袋,東上本線,35.74066052033598,139.71665382385254,62
豊島区,上池袋,大塚,山手線,35.73184726756523,139.72806930541992,15
豊島区,上池袋,巣鴨新田,荒川線,35.73553989535874,139.72772598266602,1
豊島区,上池袋,板橋,赤羽線,35.74550216892213,139.7197437286377,17
豊島区,上池袋,池袋,4号線丸ノ内線,35.72989637621322,139.71094608306885,42
豊島区,上池袋,西巣鴨,6号線三田線,35.743481948477125,139.7287130355835,10
豊島区,北大塚,大塚,山手線,35.73184726756523,139.72806930541992,148
豊島区,北大塚,巣鴨新田,荒川線,35.73553989535874,139.72772598266602,1
豊島区,千川,千川,8号線有楽町線,35.73822216855997,139.68940258026123,9
豊島区,千川,要町,8号線有楽町線,35.73327556843233,139.69871520996094,1
豊島区,千早,千川,8号線有楽町線,35.73822216855997,139.68940258026123,20
豊島区,千早,池袋,4号線丸ノ内線,35.72989637621322,139.71094608306885,1
豊島区,千早,要町,8号線有楽町線,35.73327556843233,139.69871520996094,30
豊島区,南大塚,大塚,山手線,35.73184726756523,139.72806930541992,122
豊島区,南大塚,巣鴨,山手線,35.733484585922795,139.73944187164307,6
豊島区,南大塚,新大塚,4号線丸ノ内線,35.72582025256678,139.72987174987793,35
豊島区,南池袋,東池袋,8号線有楽町線,35.726133807945004,139.7188425064087,36
豊島区,南池袋,池袋,4号線丸ノ内線,35.72989637621322,139.71094608306885,111
豊島区,南池袋,目白,山手線,35.72122129855735,139.70661163330078,7
豊島区,南池袋,鬼子母神前,荒川線,35.720210886727784,139.71485137939453,1
豊島区,南長崎,東長崎,池袋線,35.73007056488393,139.68326568603516,36
豊島区,南長崎,椎名町,池袋線,35.72644736208902,139.69506740570068,33
豊島区,南長崎,池袋,4号線丸ノ内線,35.72989637621322,139.71094608306885,1
豊島区,南長崎,落合南長崎,12号線大江戸線,35.72331176510953,139.68356609344482,30
豊島区,巣鴨,大塚,山手線,35.73184726756523,139.72806930541992,5
豊島区,巣鴨,巣鴨,山手線,35.733484585922795,139.73944187164307,128
豊島区,巣鴨,巣鴨新田,荒川線,35.73553989535874,139.72772598266602,1
豊島区,巣鴨,庚申塚,荒川線,35.73961552157577,139.7297430038452,1
豊島区,巣鴨,新庚申塚,荒川線,35.74153134215872,139.73064422607422,4
豊島区,巣鴨,西巣鴨,6号線三田線,35.743481948477125,139.7287130355835,57
豊島区,東池袋,向原,荒川線,35.729025427145444,139.72506523132324,2
豊島区,東池袋,大塚,山手線,35.73184726756523,139.72806930541992,75
豊島区,東池袋,新大塚,4号線丸ノ内線,35.72582025256678,139.72987174987793,17
豊島区,東池袋,東池袋,8号線有楽町線,35.726133807945004,139.7188425064087,189
豊島区,東池袋,池袋,4号線丸ノ内線,35.72989637621322,139.71094608306885,173
豊島区,池袋,北池袋,東上本線,35.74066052033598,139.71665382385254,2
豊島区,池袋,東池袋,8号線有楽町線,35.726133807945004,139.7188425064087,1
豊島区,池袋,池袋,4号線丸ノ内線,35.72989637621322,139.71094608306885,143
豊島区,池袋,目白,山手線,35.72122129855735,139.70661163330078,1
豊島区,池袋,要町,8号線有楽町線,35.73327556843233,139.69871520996094,40
豊島区,池袋本町,下板橋,東上本線,35.74564149258022,139.7148084640503,15
豊島区,池袋本町,北池袋,東上本線,35.74066052033598,139.71665382385254,43
豊島区,池袋本町,板橋,赤羽線,35.74550216892213,139.7197437286377,74
豊島区,池袋本町,池袋,4号線丸ノ内線,35.72989637621322,139.71094608306885,13
豊島区,目白,椎名町,池袋線,35.72644736208902,139.69506740570068,25
豊島区,目白,池袋,4号線丸ノ内線,35.72989637621322,139.71094608306885,2
豊島区,目白,目白,山手線,35.72122129855735,139.70661163330078,82
豊島区,目白,鬼子母神前,荒川線,35.720210886727784,139.71485137939453,5
豊島区,西巣鴨,北池袋,東上本線,35.74066052033598,139.71665382385254,3
豊島区,西巣鴨,大塚,山手線,35.73184726756523,139.72806930541992,35
豊島区,西巣鴨,庚申塚,荒川線,35.73961552157577,139.7297430038452,2
豊島区,西巣鴨,板橋,赤羽線,35.74550216892213,139.7197437286377,1
豊島区,西巣鴨,西ヶ原四丁目,荒川線,35.744596559200644,139.7329616546631,3
豊島区,西巣鴨,西巣鴨,6号線三田線,35.743481948477125,139.7287130355835,68
豊島区,西池袋,椎名町,池袋線,35.72644736208902,139.69506740570068,27
豊島区,西池袋,池袋,4号線丸ノ内線,35.72989637621322,139.71094608306885,105
豊島区,西池袋,目白,山手線,35.72122129855735,139.70661163330078,4
豊島区,西池袋,要町,8号線有楽町線,35.73327556843233,139.69871520996094,26
豊島区,要町,千川,8号線有楽町線,35.73822216855997,139.68940258026123,26
豊島区,要町,池袋,4号線丸ノ内線,35.72989637621322,139.71094608306885,1
豊島区,要町,要町,8号線有楽町線,35.73327556843233,139.69871520996094,14
豊島区,長崎,千川,8号線有楽町線,35.73822216855997,139.68940258026123,7
豊島区,長崎,東長崎,池袋線,35.73007056488393,139.68326568603516,32
豊島区,長崎,椎名町,池袋線,35.72644736208902,139.69506740570068,30
豊島区,長崎,江古田,池袋線,35.737560317335706,139.6726655960083,2
豊島区,長崎,要町,8号線有楽町線,35.73327556843233,139.69871520996094,1
豊島区,雑司が谷,東池袋,8号線有楽町線,35.726133807945004,139.7188425064087,7
豊島区,雑司が谷,池袋,4号線丸ノ内線,35.72989637621322,139.71094608306885,2
豊島区,雑司が谷,目白,山手線,35.72122129855735,139.70661163330078,5
豊島区,雑司が谷,護国寺,8号線有楽町線,35.71916561962691,139.7273826599121,11
豊島区,雑司が谷,鬼子母神前,荒川線,35.720210886727784,139.71485137939453,53
豊島区,駒込,巣鴨,山手線,35.733484585922795,139.73944187164307,48
豊島区,駒込,駒込,7号線南北線,35.73655011275528,139.7468662261963,132
豊島区,高松,千川,8号線有楽町線,35.73822216855997,139.68940258026123,11
豊島区,高松,池袋,4号線丸ノ内線,35.72989637621322,139.71094608306885,1
豊島区,高松,要町,8号線有楽町線,35.73327556843233,139.69871520996094,22
豊島区,高田,学習院下,荒川線,35.716378173653084,139.71253395080566,1
豊島区,高田,早稲田,荒川線,35.71184836598174,139.7189712524414,3
豊島区,高田,池袋,4号線丸ノ内線,35.72989637621322,139.71094608306885,1
豊島区,高田,目白,山手線,35.72122129855735,139.70661163330078,19
豊島区,高田,西早稲田,13号線副都心線,35.708154639939025,139.70905780792236,1
豊島区,高田,面影橋,荒川線,35.71299826462054,139.7142505645752,4
豊島区,高田,高田馬場,新宿線,35.71341640546666,139.70412254333496,36
豊島区,高田,鬼子母神前,荒川線,35.720210886727784,139.71485137939453,127
足立区,一ツ家,六町,常磐新線,35.785164727684275,139.8218822479248,24
足立区,中央本町,五反野,伊勢崎線,35.76608459555452,139.80926513671875,88
足立区,中央本町,梅島,伊勢崎線,35.772387116369,139.79802131652832,38
足立区,中川,亀有,常磐線,35.766641744589464,139.84763145446777,72
足立区,伊興,竹ノ塚,伊勢崎線,35.79449422000067,139.7907257080078,48
足立区,伊興本町,竹ノ塚,伊勢崎線,35.79449422000067,139.7907257080078,4
足立区,佐野,亀有,常磐線,35.766641744589464,139.84763145446777,6
足立区,佐野,北綾瀬,9号線千代田線,35.77698311495109,139.83213901519775,5
足立区,保塚町,六町,常磐新線,35.785164727684275,139.8218822479248,3
足立区,保木間,六町,常磐新線,35.785164727684275,139.8218822479248,12
足立区,保木間,竹ノ塚,伊勢崎線,35.79449422000067,139.7907257080078,34
足立区,保木間,谷塚,伊勢崎線,35.81412434968102,139.80128288269043,13
足立区,入谷,南鳩ヶ谷,埼玉高速鉄道線,35.81649077517186,139.73618030548096,3
足立区,入谷,川口,東北線,35.80187349027511,139.7175121307373,2
足立区,入谷,川口元郷,埼玉高速鉄道線,35.80041161381506,139.7301721572876,1
足立区,入谷,舎人,日暮里・舎人ライナー,35.80570208683972,139.7700834274292,12
足立区,入谷,見沼代親水公園,日暮里・舎人ライナー,35.81447235785308,139.77068424224854,1
足立区,入谷町,川口元郷,埼玉高速鉄道線,35.80041161381506,139.7301721572876,1
足立区,六月,竹ノ塚,伊勢崎線,35.79449422000067,139.7907257080078,20
足立区,六月,西新井,伊勢崎線,35.777261651781885,139.79033946990967,5
足立区,六木,亀有,常磐線,35.766641744589464,139.84763145446777,2
足立区,六木,八潮,常磐新線,35.807825138118545,139.84479904174805,4
足立区,六木,北綾瀬,9号線千代田線,35.77698311495109,139.83213901519775,3
足立区,六町,六町,常磐新線,35.785164727684275,139.8218822479248,7
足立区,加平,北綾瀬,9号線千代田線,35.77698311495109,139.83213901519775,63
足立区,加賀,谷在家,日暮里・舎人ライナー,35.78878525772741,139.77004051208496,3
足立区,北加平町,六町,常磐新線,35.785164727684275,139.8218822479248,5
足立区,北加平町,北綾瀬,9号線千代田線,35.77698311495109,139.83213901519775,1
足立区,千住,北千住,常磐線,35.749298651388656,139.8050594329834,83
足立区,千住中居町,北千住,常磐線,35.749298651388656,139.8050594329834,23
足立区,千住仲町,北千住,常磐線,35.749298651388656,139.8050594329834,52
足立区,千住仲町,千住大橋,本線,35.74233248982313,139.79690551757812,7
足立区,千住元町,北千住,常磐線,35.749298651388656,139.8050594329834,22
足立区,千住大川町,北千住,常磐線,35.749298651388656,139.8050594329834,15
足立区,千住宮元町,北千住,常磐線,35.749298651388656,139.8050594329834,4
足立区,千住宮元町,千住大橋,本線,35.74233248982313,139.79690551757812,6
足立区,千住寿町,北千住,常磐線,35.749298651388656,139.8050594329834,45
足立区,千住旭町,京成関屋,本線,35.74400442419693,139.8117971420288,1
足立区,千住旭町,北千住,常磐線,35.749298651388656,139.8050594329834,10
足立区,千住曙町,京成関屋,本線,35.74400442419693,139.8117971420288,28
足立区,千住曙町,北千住,常磐線,35.749298651388656,139.8050594329834,22
足立区,千住曙町,堀切,伊勢崎線,35.742924637263016,139.81776237487793,3
足立区,千住東,京成関屋,本線,35.74400442419693,139.8117971420288,2
足立区,千住東,北千住,常磐線,35.749298651388656,139.8050594329834,65
足立区,千住東,牛田,伊勢崎線,35.74438757087876,139.81128215789795,4
足立区,千住桜木,北千住,常磐線,35.749298651388656,139.8050594329834,32
足立区,千住桜木,町屋駅前,荒川線,35.74278530884989,139.78081226348877,4
足立区,千住橋戸町,北千住,常磐線,35.749298651388656,139.8050594329834,2
足立区,千住橋戸町,千住大橋,本線,35.74233248982313,139.79690551757812,87
足立区,千住河原町,北千住,常磐線,35.749298651388656,139.8050594329834,13
足立区,千住河原町,千住大橋,本線,35.74233248982313,139.79690551757812,17
足立区,千住緑町,北千住,常磐線,35.749298651388656,139.8050594329834,1
足立区,千住緑町,千住大橋,本線,35.74233248982313,139.79690551757812,31
足立区,千住関屋町,京成関屋,本線,35.74400442419693,139.8117971420288,9
足立区,千住関屋町,北千住,常磐線,35.749298651388656,139.8050594329834,26
足立区,千住関屋町,千住大橋,本線,35.74233248982313,139.79690551757812,7
足立区,千住関屋町,牛田,伊勢崎線,35.74438757087876,139.81128215789795,12
足立区,千住龍田町,北千住,常磐線,35.749298651388656,139.8050594329834,4
足立区,南花畑,六町,常磐新線,35.785164727684275,139.8218822479248,23
足立区,南花畑,竹ノ塚,伊勢崎線,35.79449422000067,139.7907257080078,1
足立区,古千谷本町,舎人,日暮里・舎人ライナー,35.80570208683972,139.7700834274292,9
足立区,古千谷本町,見沼代親水公園,日暮里・舎人ライナー,35.81447235785308,139.77068424224854,2
足立区,堀之内,江北,日暮里・舎人ライナー,35.773919145412435,139.7702980041504,1
足立区,大谷田,亀有,常磐線,35.766641744589464,139.84763145446777,19
足立区,大谷田,北綾瀬,9号線千代田線,35.77698311495109,139.83213901519775,82
足立区,宮城,小台,荒川線,35.750552495726296,139.76197242736816,16
足立区,宮城,王子駅前,荒川線,35.75232874139097,139.7382402420044,2
足立区,宮城,田端,山手線,35.738152500269095,139.76072788238525,7
足立区,宮城,足立小台,日暮里・舎人ライナー,35.75469700727476,139.77025508880615,1
足立区,小台,小台,荒川線,35.750552495726296,139.76197242736816,16
足立区,小台,田端,山手線,35.738152500269095,139.76072788238525,3
足立区,小台,足立小台,日暮里・舎人ライナー,35.75469700727476,139.77025508880615,86
足立区,島根,梅島,伊勢崎線,35.772387116369,139.79802131652832,17
足立区,島根,竹ノ塚,伊勢崎線,35.79449422000067,139.7907257080078,1
足立区,島根,西新井,伊勢崎線,35.777261651781885,139.79033946990967,40
足立区,平野,梅島,伊勢崎線,35.772387116369,139.79802131652832,1
足立区,弘道,五反野,伊勢崎線,35.76608459555452,139.80926513671875,3
足立区,弘道,青井,常磐新線,35.772247839537854,139.82033729553223,17
足立区,扇,扇大橋,日暮里・舎人ライナー,35.76389078329399,139.77081298828125,42
足立区,扇,江北,日暮里・舎人ライナー,35.773919145412435,139.7702980041504,4
足立区,扇,西新井大師西,日暮里・舎人ライナー,35.7814744023554,139.7700834274292,1
足立区,扇,高野,日暮里・舎人ライナー,35.768417631092944,139.77068424224854,5
足立区,新田,王子神谷,7号線南北線,35.765005108193805,139.73575115203855,159
足立区,新田,王子駅前,荒川線,35.75232874139097,139.7382402420044,1
足立区,日ノ出町,北千住,常磐線,35.749298651388656,139.8050594329834,14
足立区,本木北町,扇大橋,日暮里・舎人ライナー,35.76389078329399,139.77081298828125,1
足立区,東伊興,竹ノ塚,伊勢崎線,35.79449422000067,139.7907257080078,9
足立区,東保木間,六町,常磐新線,35.785164727684275,139.8218822479248,16
足立区,東保木間,竹ノ塚,伊勢崎線,35.79449422000067,139.7907257080078,2
足立区,東六月町,竹ノ塚,伊勢崎線,35.79449422000067,139.7907257080078,3
足立区,東和,亀有,常磐線,35.766641744589464,139.84763145446777,27
足立区,東和,北綾瀬,9号線千代田線,35.77698311495109,139.83213901519775,131
足立区,東和,綾瀬,9号線千代田線,35.76218444303943,139.8250150680542,3
足立区,東綾瀬,亀有,常磐線,35.766641744589464,139.84763145446777,1
足立区,東綾瀬,北綾瀬,9号線千代田線,35.77698311495109,139.83213901519775,39
足立区,東綾瀬,綾瀬,9号線千代田線,35.76218444303943,139.8250150680542,50
足立区,柳原,京成関屋,本線,35.74400442419693,139.8117971420288,1
足立区,柳原,北千住,常磐線,35.749298651388656,139.8050594329834,10
足立区,柳原,牛田,伊勢崎線,35.74438757087876,139.81128215789795,2
足立区,栗原,大師前,大師線,35.77886321962286,139.78145599365234,10
足立区,栗原,竹ノ塚,伊勢崎線,35.79449422000067,139.7907257080078,18
足立区,栗原,西新井,伊勢崎線,35.777261651781885,139.79033946990967,41
足立区,梅島,梅島,伊勢崎線,35.772387116369,139.79802131652832,31
足立区,梅島,西新井,伊勢崎線,35.777261651781885,139.79033946990967,22
足立区,梅田,五反野,伊勢崎線,35.76608459555452,139.80926513671875,22
足立区,梅田,梅島,伊勢崎線,35.772387116369,139.79802131652832,181
足立区,梅田,西新井,伊勢崎線,35.777261651781885,139.79033946990967,18
足立区,椿,西新井大師西,日暮里・舎人ライナー,35.7814744023554,139.7700834274292,3
足立区,江北,江北,日暮里・舎人ライナー,35.773919145412435,139.7702980041504,38
足立区,江北,西新井大師西,日暮里・舎人ライナー,35.7814744023554,139.7700834274292,4
足立区,皿沼,谷在家,日暮里・舎人ライナー,35.78878525772741,139.77004051208496,1
足立区,神明,六町,常磐新線,35.785164727684275,139.8218822479248,8
足立区,神明,北綾瀬,9号線千代田線,35.77698311495109,139.83213901519775,1
足立区,神明,綾瀬,9号線千代田線,35.76218444303943,139.8250150680542,1
足立区,神明南,北綾瀬,9号線千代田線,35.77698311495109,139.83213901519775,3
足立区,竹の塚,竹ノ塚,伊勢崎線,35.79449422000067,139.7907257080078,48
足立区,綾瀬,北綾瀬,9号線千代田線,35.77698311495109,139.83213901519775,27
足立区,綾瀬,綾瀬,9号線千代田線,35.76218444303943,139.8250150680542,177
足立区,綾瀬,青井,常磐新線,35.772247839537854,139.82033729553223,3
足立区,興野,大師前,大師線,35.77886321962286,139.78145599365234,1
足立区,興野,西新井,伊勢崎線,35.777261651781885,139.79033946990967,3
足立区,興野,高野,日暮里・舎人ライナー,35.768417631092944,139.77068424224854,9
足立区,舎人,舎人,日暮里・舎人ライナー,35.80570208683972,139.7700834274292,9
足立区,舎人,見沼代親水公園,日暮里・舎人ライナー,35.81447235785308,139.77068424224854,25
足立区,花畑,竹ノ塚,伊勢崎線,35.79449422000067,139.7907257080078,4
足立区,花畑,谷塚,伊勢崎線,35.81412434968102,139.80128288269043,7
足立区,西伊興,竹ノ塚,伊勢崎線,35.79449422000067,139.7907257080078,2
足立区,西保木間,竹ノ塚,伊勢崎線,35.79449422000067,139.7907257080078,59
足立区,西保木間,谷塚,伊勢崎線,35.81412434968102,139.80128288269043,30
足立区,西加平,六町,常磐新線,35.785164727684275,139.8218822479248,1
足立区,西新井,大師前,大師線,35.77886321962286,139.78145599365234,33
足立区,西新井,江北,日暮里・舎人ライナー,35.773919145412435,139.7702980041504,1
足立区,西新井,竹ノ塚,伊勢崎線,35.79449422000067,139.7907257080078,4
足立区,西新井,西新井大師西,日暮里・舎人ライナー,35.7814744023554,139.7700834274292,26
足立区,西新井,谷在家,日暮里・舎人ライナー,35.78878525772741,139.77004051208496,34
足立区,西新井本町,大師前,大師線,35.77886321962286,139.78145599365234,24
足立区,西新井本町,江北,日暮里・舎人ライナー,35.773919145412435,139.7702980041504,46
足立区,西新井本町,西新井,伊勢崎線,35.777261651781885,139.79033946990967,11
足立区,西新井本町,西新井大師西,日暮里・舎人ライナー,35.7814744023554,139.7700834274292,6
足立区,西新井栄町,西新井,伊勢崎線,35.777261651781885,139.79033946990967,68
足立区,西竹の塚,竹ノ塚,伊勢崎線,35.79449422000067,139.7907257080078,6
足立区,西綾瀬,五反野,伊勢崎線,35.76608459555452,139.80926513671875,10
足立区,西綾瀬,小菅,伊勢崎線,35.75866717724848,139.8126983642578,11
足立区,西綾瀬,綾瀬,9号線千代田線,35.76218444303943,139.8250150680542,5
足立区,谷中,北綾瀬,9号線千代田線,35.77698311495109,139.83213901519775,93
足立区,谷在家,西新井大師西,日暮里・舎人ライナー,35.7814744023554,139.7700834274292,14
足立区,谷在家,谷在家,日暮里・舎人ライナー,35.78878525772741,139.77004051208496,11
足立区,足立,五反野,伊勢崎線,35.76608459555452,139.80926513671875,72
足立区,足立,小菅,伊勢崎線,35.75866717724848,139.8126983642578,6
足立区,足立,曳舟,亀戸線,35.71829455323473,139.8166465759277,1
足立区,辰沼,北綾瀬,9号線千代田線,35.77698311495109,139.83213901519775,11
足立区,関原,梅島,伊勢崎線,35.772387116369,139.79802131652832,7
足立区,関原,西新井,伊勢崎線,35.777261651781885,139.79033946990967,12
足立区,青井,五反野,伊勢崎線,35.76608459555452,139.80926513671875,9
足立区,青井,青井,常磐新線,35.772247839537854,139.82033729553223,54
足立区,鹿浜,志茂,7号線南北線,35.77806243973508,139.73248958587646,1
足立区,鹿浜,王子駅前,荒川線,35.75232874139097,139.7382402420044,7
足立区,鹿浜,西新井,伊勢崎線,35.777261651781885,139.79033946990967,1
足立区,鹿浜,西新井大師西,日暮里・舎人ライナー,35.7814744023554,139.7700834274292,26
足立区,鹿浜,谷在家,日暮里・舎人ライナー,35.78878525772741,139.77004051208496,7
足立区,鹿浜,赤羽,東北線,35.77781872251616,139.72103118896484,2
青梅市,上町,青梅,青梅線,35.79056064969106,139.25836086273193,1
青梅市,仲町,青梅,青梅線,35.79056064969106,139.25836086273193,3
青梅市,住江町,青梅,青梅線,35.79056064969106,139.25836086273193,14
青梅市,勝沼,東青梅,青梅線,35.78993404529156,139.27230834960938,4
青梅市,千ヶ瀬町,東青梅,青梅線,35.78993404529156,139.27230834960938,12
青梅市,千ヶ瀬町,河辺,青梅線,35.78453808074221,139.28475379943848,22
青梅市,千ヶ瀬町,青梅,青梅線,35.79056064969106,139.25836086273193,12
青梅市,友田町,小作,青梅線,35.77632158606727,139.30187702178955,5
青梅市,大柳町,青梅,青梅線,35.79056064969106,139.25836086273193,4
青梅市,天ヶ瀬町,青梅,青梅線,35.79056064969106,139.25836086273193,6
青梅市,師岡町,東青梅,青梅線,35.78993404529156,139.27230834960938,1
青梅市,師岡町,河辺,青梅線,35.78453808074221,139.28475379943848,28
青梅市,新町,小作,青梅線,35.77632158606727,139.30187702178955,64
青梅市,新町,河辺,青梅線,35.78453808074221,139.28475379943848,4
青梅市,末広町,小作,青梅線,35.77632158606727,139.30187702178955,12
青梅市,本町,青梅,青梅線,35.79056064969106,139.25836086273193,10
青梅市,東青梅,東青梅,青梅線,35.78993404529156,139.27230834960938,51
青梅市,東青梅,河辺,青梅線,35.78453808074221,139.28475379943848,34
青梅市,河辺町,小作,青梅線,35.77632158606727,139.30187702178955,14
青梅市,河辺町,河辺,青梅線,35.78453808074221,139.28475379943848,89
青梅市,滝ノ上町,青梅,青梅線,35.79056064969106,139.25836086273193,8
青梅市,西分町,青梅,青梅線,35.79056064969106,139.25836086273193,2
青梅市,野上町,河辺,青梅線,35.78453808074221,139.28475379943848,24
青梅市,長淵,東青梅,青梅線,35.78993404529156,139.27230834960938,6
青梅市,長淵,青梅,青梅線,35.79056064969106,139.25836086273193,4
